C:\Engineering\Production\10,000\10,000-10,999\10010-01.SLDASM
C:\Engineering\Production\10,000\10,000-10,999\10121-01.SLDASM
C:\Engineering\Production\10,000\10,000-10,999\10138-01.SLDASM
C:\Engineering\Production\10,000\10,000-10,999\10139-01.SLDASM
C:\Engineering\Production\10,000\10,000-10,999\10140-01.SLDASM
C:\Engineering\Production\10,000\10,000-10,999\10144-01.SLDASM
C:\Engineering\Production\10,000\10,000-10,999\10365-01.SLDASM
C:\Engineering\Production\10,000\10,000-10,999\10411-01.SLDASM
C:\Engineering\Production\100,000\100,000-100,999\100002.SLDASM
C:\Engineering\Production\20,000\20,000-20,999\20021.SLDASM
C:\Engineering\Production\20,000\20,000-20,999\20036.SLDASM
C:\Engineering\Production\20,000\20,000-20,999\20471.sldasm
C:\Engineering\Production\30,000\30,000-30,999\30048.SLDASM
C:\Engineering\Production\30,000\30,000-30,999\30049.SLDASM
C:\Engineering\Production\30,000\30,000-30,999\30081.SLDASM
C:\Engineering\Production\30,000\30,000-30,999\30082.SLDASM
C:\Engineering\Production\30,000\30,000-30,999\30095.SLDASM
C:\Engineering\Production\30,000\30,000-30,999\30111.SLDASM
C:\Engineering\Production\30,000\30,000-30,999\30115.SLDASM
C:\Engineering\Production\30,000\30,000-30,999\30128.SLDASM
C:\Engineering\Production\30,000\30,000-30,999\30146.SLDASM
C:\Engineering\Production\30,000\30,000-30,999\30149.SLDASM
C:\Engineering\Production\30,000\30,000-30,999\30172.SLDASM
C:\Engineering\Production\30,000\30,000-30,999\30184.SLDASM
C:\Engineering\Production\30,000\30,000-30,999\30186.SLDASM
C:\Engineering\Production\30,000\30,000-30,999\30187.SLDASM
C:\Engineering\Production\30,000\30,000-30,999\30191.SLDASM
C:\Engineering\Production\30,000\30,000-30,999\30192.SLDASM
C:\Engineering\Production\30,000\30,000-30,999\30199.SLDASM
C:\Engineering\Production\30,000\30,000-30,999\30224.SLDASM
C:\Engineering\Production\30,000\30,000-30,999\30227.SLDASM
C:\Engineering\Production\30,000\30,000-30,999\30256.SLDASM
C:\Engineering\Production\40,000\40,000-40,999\40009-With Double Vic.SLDASM
C:\Engineering\Production\40,000\40,000-40,999\40027.SLDASM
C:\Engineering\Production\40,000\40,000-40,999\40030.SLDASM
C:\Engineering\Production\40,000\40,000-40,999\40036.SLDASM
C:\Engineering\Production\40,000\40,000-40,999\40078.SLDASM
C:\Engineering\Production\40,000\41,000-41,999\41012.SLDASM
C:\Engineering\Production\40,000\41,000-41,999\41017.SLDASM
C:\Engineering\Production\40,000\41,000-41,999\41018.SLDASM
C:\Engineering\Production\40,000\41,000-41,999\41019.SLDASM
C:\Engineering\Production\40,000\41,000-41,999\41020.SLDASM
C:\Engineering\Production\40,000\41,000-41,999\41022.SLDASM
C:\Engineering\Production\40,000\41,000-41,999\41024.SLDASM
C:\Engineering\Production\40,000\41,000-41,999\41026.SLDASM
C:\Engineering\Production\40,000\41,000-41,999\41027.SLDASM
C:\Engineering\Production\40,000\41,000-41,999\41028.SLDASM
C:\Engineering\Production\40,000\41,000-41,999\41029.SLDASM
C:\Engineering\Production\40,000\41,000-41,999\41032.SLDASM
C:\Engineering\Production\40,000\41,000-41,999\41033.SLDASM
C:\Engineering\Production\40,000\41,000-41,999\41038.SLDASM
C:\Engineering\Production\40,000\41,000-41,999\41059.SLDASM
C:\Engineering\Production\40,000\41,000-41,999\41060.SLDASM
C:\Engineering\Production\40,000\41,000-41,999\41066.SLDASM
C:\Engineering\Production\40,000\41,000-41,999\41067.SLDASM
C:\Engineering\Production\40,000\41,000-41,999\41068.SLDASM
C:\Engineering\Production\40,000\41,000-41,999\41073.SLDASM
C:\Engineering\Production\40,000\41,000-41,999\41083.SLDASM
C:\Engineering\Production\40,000\41,000-41,999\41084.SLDASM
C:\Engineering\Production\40,000\41,000-41,999\41096.SLDASM
C:\Engineering\Production\40,000\41,000-41,999\41097.SLDASM
C:\Engineering\Production\40,000\41,000-41,999\41098.SLDASM
C:\Engineering\Production\40,000\41,000-41,999\41100.SLDASM
C:\Engineering\Production\40,000\41,000-41,999\41101.SLDASM
C:\Engineering\Production\40,000\41,000-41,999\41105.SLDASM
C:\Engineering\Production\40,000\41,000-41,999\41106.SLDASM
C:\Engineering\Production\40,000\41,000-41,999\41107.SLDASM
C:\Engineering\Production\40,000\41,000-41,999\41108.SLDASM
C:\Engineering\Production\40,000\41,000-41,999\41116.SLDASM
C:\Engineering\Production\40,000\41,000-41,999\41117.SLDASM
C:\Engineering\Production\40,000\43,000-43,999\43006.SLDASM
C:\Engineering\Production\40,000\43,000-43,999\43036.SLDASM
C:\Engineering\Production\40,000\43,000-43,999\43041.SLDASM
C:\Engineering\Production\40,000\43,000-43,999\43046.SLDASM
C:\Engineering\Production\40,000\43,000-43,999\43047.SLDASM
C:\Engineering\Production\40,000\43,000-43,999\43051.SLDASM
C:\Engineering\Production\40,000\43,000-43,999\43072.SLDASM
C:\Engineering\Production\40,000\43,000-43,999\43085.SLDASM
C:\Engineering\Production\40,000\43,000-43,999\43087.SLDASM
C:\Engineering\Production\40,000\43,000-43,999\43090.SLDASM
C:\Engineering\Production\40,000\43,000-43,999\43109.SLDASM
C:\Engineering\Production\40,000\43,000-43,999\43114.SLDASM
C:\Engineering\Production\40,000\43,000-43,999\43115.SLDASM
C:\Engineering\Production\40,000\43,000-43,999\43123.SLDASM
C:\Engineering\Production\40,000\43,000-43,999\43125.SLDASM
C:\Engineering\Production\40,000\43,000-43,999\43131.SLDASM
C:\Engineering\Production\40,000\43,000-43,999\43133.SLDASM
C:\Engineering\Production\40,000\43,000-43,999\43345.SLDASM
C:\Engineering\Production\40,000\43,000-43,999\43585.SLDASM
C:\Engineering\Production\40,000\43,000-43,999\43600-02.SLDASM
C:\Engineering\Production\40,000\43,000-43,999\43600-03.SLDASM
C:\Engineering\Production\40,000\43,000-43,999\43610-02.SLDASM
C:\Engineering\Production\40,000\43,000-43,999\43611-02.SLDASM
C:\Engineering\Production\40,000\43,000-43,999\43617.SLDASM
C:\Engineering\Production\40,000\43,000-43,999\43619.SLDASM
C:\Engineering\Production\40,000\43,000-43,999\43629.SLDASM
C:\Engineering\Production\40,000\43,000-43,999\43660.SLDASM
C:\Engineering\Production\40,000\43,000-43,999\43667.sldasm
C:\Engineering\Production\40,000\43,000-43,999\43685.sldasm
C:\Engineering\Production\40,000\43,000-43,999\43688.sldasm
C:\Engineering\Production\40,000\43,000-43,999\43701.SLDASM
C:\Engineering\Production\40,000\43,000-43,999\43735.SLDASM
C:\Engineering\Production\40,000\43,000-43,999\43736.SLDASM
C:\Engineering\Production\40,000\43,000-43,999\43737.sldasm
C:\Engineering\Production\40,000\43,000-43,999\43738.SLDASM
C:\Engineering\Production\40,000\43,000-43,999\43746.SLDASM
C:\Engineering\Production\40,000\43,000-43,999\43747.SLDASM
C:\Engineering\Production\40,000\43,000-43,999\43763.SLDASM
C:\Engineering\Production\40,000\43,000-43,999\43768.SLDASM
C:\Engineering\Production\40,000\43,000-43,999\43770.SLDASM
C:\Engineering\Production\40,000\43,000-43,999\43775.SLDASM
C:\Engineering\Production\40,000\43,000-43,999\43777.SLDASM
C:\Engineering\Production\40,000\43,000-43,999\43782.SLDASM
C:\Engineering\Production\40,000\43,000-43,999\43784.SLDASM
C:\Engineering\Production\40,000\43,000-43,999\43789.SLDASM
C:\Engineering\Production\50,000\50,000-50,999\50002.SLDASM
C:\Engineering\Production\50,000\50,000-50,999\50005.SLDASM
C:\Engineering\Production\50,000\51,000-51,999\51000.SLDASM
C:\Engineering\Production\50,000\51,000-51,999\51005.SLDASM
C:\Engineering\Production\50,000\51,000-51,999\51028.SLDASM
C:\Engineering\Production\50,000\51,000-51,999\51029.SLDASM
C:\Engineering\Production\50,000\51,000-51,999\51030.SLDASM
C:\Engineering\Production\50,000\51,000-51,999\51050.SLDASM
C:\Engineering\Production\50,000\51,000-51,999\51051.SLDASM
C:\Engineering\Production\50,000\51,000-51,999\51052.SLDASM
C:\Engineering\Production\50,000\51,000-51,999\51053.SLDASM
C:\Engineering\Production\50,000\51,000-51,999\51054.SLDASM
C:\Engineering\Production\50,000\51,000-51,999\51055.SLDASM
C:\Engineering\Production\50,000\51,000-51,999\51311.SLDASM
C:\Engineering\Production\50,000\51,000-51,999\51312.SLDASM
C:\Engineering\Production\50,000\51,000-51,999\51352.SLDASM
C:\Engineering\Production\60,000\60,000-60,999\60017.SLDASM
C:\Engineering\Production\60,000\60,000-60,999\60018.SLDASM
C:\Engineering\Production\60,000\60,000-60,999\60019.SLDASM
C:\Engineering\Production\60,000\61,000-61,999\61001.SLDASM
C:\Engineering\Production\60,000\61,000-61,999\61009.SLDASM
C:\Engineering\Production\60,000\61,000-61,999\61010.SLDASM
C:\Engineering\Production\60,000\61,000-61,999\61012.SLDASM
C:\Engineering\Production\60,000\61,000-61,999\61013.SLDASM
C:\Engineering\Production\60,000\61,000-61,999\61021.SLDASM
C:\Engineering\Production\60,000\61,000-61,999\61026.SLDASM
C:\Engineering\Production\60,000\61,000-61,999\61027.SLDASM
C:\Engineering\Production\60,000\61,000-61,999\61033.SLDASM
C:\Engineering\Production\60,000\61,000-61,999\61035.SLDASM
C:\Engineering\Production\60,000\61,000-61,999\61040.SLDASM
C:\Engineering\Production\60,000\61,000-61,999\61042.SLDASM
C:\Engineering\Production\60,000\61,000-61,999\61044.SLDASM
C:\Engineering\Production\60,000\61,000-61,999\61055.SLDASM
C:\Engineering\Production\60,000\61,000-61,999\61063.SLDASM
C:\Engineering\Production\60,000\61,000-61,999\61067.SLDASM
C:\Engineering\Production\60,000\61,000-61,999\61068.SLDASM
C:\Engineering\Production\70,000\70,000-70,999\70089.SLDASM
C:\Engineering\Production\70,000\71,000-71,999\71121.SLDASM
C:\Engineering\Production\70,000\71,000-71,999\71128.SLDASM
C:\Engineering\Production\70,000\71,000-71,999\71129.SLDASM
C:\Engineering\Production\70,000\71,000-71,999\71130-02.SLDASM
C:\Engineering\Production\70,000\71,000-71,999\71130-03.SLDASM
C:\Engineering\Production\70,000\71,000-71,999\71130-04.SLDASM
C:\Engineering\Production\70,000\71,000-71,999\71131.SLDASM
C:\Engineering\Production\70,000\71,000-71,999\71133.SLDASM
C:\Engineering\Production\70,000\71,000-71,999\71135.SLDASM
C:\Engineering\Production\70,000\71,000-71,999\71137.SLDASM
C:\Engineering\Production\70,000\71,000-71,999\71161.SLDASM
C:\Engineering\Production\70,000\71,000-71,999\71230.SLDASM
C:\Engineering\Production\70,000\71,000-71,999\71231.SLDASM
C:\Engineering\Production\70,000\71,000-71,999\71242.SLDASM
C:\Engineering\Production\70,000\71,000-71,999\71243.SLDASM
C:\Engineering\Production\70,000\71,000-71,999\71245-02.SLDASM
C:\Engineering\Production\70,000\71,000-71,999\71245-03.SLDASM
C:\Engineering\Production\70,000\71,000-71,999\71246.SLDASM
C:\Engineering\Production\70,000\71,000-71,999\71248.SLDASM
C:\Engineering\Production\70,000\71,000-71,999\71250.SLDASM
C:\Engineering\Production\70,000\71,000-71,999\71252.SLDASM
C:\Engineering\Production\70,000\71,000-71,999\71271.SLDASM
C:\Engineering\Production\70,000\71,000-71,999\71272.sldasm
C:\Engineering\Production\70,000\71,000-71,999\71282.SLDASM
C:\Engineering\Production\70,000\71,000-71,999\71313.SLDASM
C:\Engineering\Production\70,000\71,000-71,999\71460.SLDASM
C:\Engineering\Production\70,000\71,000-71,999\71461.SLDASM
C:\Engineering\Production\70,000\71,000-71,999\71462.SLDASM
C:\Engineering\Production\70,000\71,000-71,999\71463.SLDASM
C:\Engineering\Production\70,000\71,000-71,999\71464.SLDASM
C:\Engineering\Production\70,000\71,000-71,999\71465.SLDASM
C:\Engineering\Production\70,000\71,000-71,999\71466.SLDASM
C:\Engineering\Production\70,000\71,000-71,999\71470.SLDASM
C:\Engineering\Production\90,000\90,000-90,999\90001.SLDASM
C:\Engineering\Production\90,000\90,000-90,999\90002.SLDASM
C:\Engineering\Production\90,000\90,000-90,999\90087.SLDASM
C:\Engineering\Production\90,000\90,000-90,999\90097.SLDASM
C:\Engineering\Production\90,000\90,000-90,999\90158.SLDASM
C:\Engineering\Production\90,000\90,000-90,999\90163.SLDASM
C:\Engineering\Production\90,000\90,000-90,999\90195.SLDASM
C:\Engineering\Production\90,000\90,000-90,999\90225.SLDASM
C:\Engineering\Production\90,000\90,000-90,999\90226.SLDASM
C:\Engineering\Production\90,000\90,000-90,999\90243.SLDASM
C:\Engineering\Production\90,000\90,000-90,999\90330.SLDASM
C:\Engineering\Production\90,000\90,000-90,999\90377.SLDASM
C:\Engineering\Production\90,000\90,000-90,999\90379.SLDASM
C:\Engineering\Production\90,000\90,000-90,999\90387.SLDASM
C:\Engineering\Production\90,000\90,000-90,999\90391.SLDASM
C:\Engineering\Production\90,000\90,000-90,999\90396.SLDASM
C:\Engineering\Production\90,000\90,000-90,999\90399.SLDASM
C:\Engineering\Production\90,000\90,000-90,999\90545.SLDASM
C:\Engineering\Production\90,000\90,000-90,999\90656.SLDASM
C:\Engineering\Production\90,000\90,000-90,999\90695.SLDASM
C:\Engineering\Production\90,000\90,000-90,999\90698.SLDASM
C:\Engineering\Production\90,000\90,000-90,999\90699.SLDASM
C:\Engineering\Production\90,000\90,000-90,999\90726-03.SLDASM
C:\Engineering\Production\90,000\90,000-90,999\90786.SLDASM
C:\Engineering\Production\90,000\91,000-91,999\91583.SLDASM
C:\Engineering\Production\90,000\91,000-91,999\91590-03.SLDASM
C:\Engineering\Production\90,000\91,000-91,999\91635.SLDASM
C:\Engineering\Production\90,000\91,000-91,999\91637.SLDASM
C:\Engineering\Production\90,000\91,000-91,999\91645.SLDASM
C:\Engineering\Production\90,000\91,000-91,999\91657.SLDASM
C:\Engineering\Production\90,000\91,000-91,999\91658.SLDASM
C:\Engineering\Production\90,000\91,000-91,999\91665.SLDASM
C:\Engineering\Production\90,000\91,000-91,999\91666.SLDASM
C:\Engineering\Production\90,000\91,000-91,999\91673.SLDASM
C:\Engineering\Production\90,000\91,000-91,999\91674.SLDASM
C:\Engineering\Production\90,000\91,000-91,999\91675.SLDASM
C:\Engineering\Production\90,000\91,000-91,999\91676.SLDASM
C:\Engineering\Production\90,000\91,000-91,999\91683.SLDASM
C:\Engineering\Production\90,000\91,000-91,999\91684.SLDASM
C:\Engineering\Production\90,000\91,000-91,999\91685.SLDASM
C:\Engineering\Production\90,000\91,000-91,999\91690.SLDASM
C:\Engineering\Production\90,000\91,000-91,999\91691.SLDASM
C:\Engineering\Production\90,000\91,000-91,999\91697.SLDASM
C:\Engineering\Production\90,000\91,000-91,999\91698.SLDASM
C:\Engineering\Production\90,000\91,000-91,999\91705.SLDASM
C:\Engineering\Production\90,000\91,000-91,999\91706.SLDASM
C:\Engineering\Production\90,000\91,000-91,999\91745-03.SLDASM
C:\Engineering\Production\90,000\91,000-91,999\91814.SLDASM
C:\Engineering\Production\90,000\91,000-91,999\91815.SLDASM
C:\Engineering\Production\90,000\91,000-91,999\91820.SLDASM
C:\Engineering\Production\90,000\91,000-91,999\91880.SLDASM
C:\Engineering\Production\90,000\91,000-91,999\91881.SLDASM
C:\Engineering\Production\90,000\91,000-91,999\91921.SLDASM
C:\Engineering\Production\90,000\91,000-91,999\91925.SLDASM
C:\Engineering\Production\90,000\91,000-91,999\91928.SLDASM
C:\Engineering\Production\90,000\91,000-91,999\91929.SLDASM
C:\Engineering\Production\90,000\91,000-91,999\91933.SLDASM
C:\Engineering\Production\90,000\91,000-91,999\91935.SLDASM
C:\Engineering\Production\90,000\91,000-91,999\91936.SLDASM
C:\Engineering\Production\90,000\91,000-91,999\91937.SLDASM
C:\Engineering\Production\90,000\91,000-91,999\91939.SLDASM
C:\Engineering\Production\90,000\91,000-91,999\91977.SLDASM
C:\Engineering\Production\90,000\91,000-91,999\91979.SLDASM
C:\Engineering\Production\90,000\91,000-91,999\91980.SLDASM
C:\Engineering\Production\90,000\91,000-91,999\91990.SLDASM
C:\Engineering\Production\90,000\91,000-91,999\91991.SLDASM
C:\Engineering\Production\90,000\92,000-92,999\92003.SLDASM
C:\Engineering\Production\90,000\92,000-92,999\92009.SLDASM
C:\Engineering\Production\90,000\92,000-92,999\92060-01.SLDASM
C:\Engineering\Production\90,000\92,000-92,999\92144.SLDASM
C:\Engineering\Production\90,000\92,000-92,999\92145.SLDASM
C:\Engineering\Production\90,000\92,000-92,999\92146.SLDASM
C:\Engineering\Production\90,000\92,000-92,999\92244.SLDASM
C:\Engineering\Production\90,000\92,000-92,999\92301-23.SLDASM
C:\Engineering\Production\90,000\92,000-92,999\92306-11.SLDASM
C:\Engineering\Production\90,000\92,000-92,999\92309-20.SLDASM
C:\Engineering\Production\90,000\92,000-92,999\92312-05.SLDASM
C:\Engineering\Production\90,000\92,000-92,999\92312-10.SLDASM
C:\Engineering\Production\90,000\92,000-92,999\92313-05.SLDASM
C:\Engineering\Production\90,000\92,000-92,999\92316-14.SLDASM
C:\Engineering\Production\90,000\93,000-93,999\93056.SLDASM
C:\Engineering\Production\90,000\93,000-93,999\93057.SLDASM
C:\Engineering\Production\90,000\93,000-93,999\93063.SLDASM
C:\Engineering\Production\90,000\93,000-93,999\93064.SLDASM
C:\Engineering\Production\90,000\93,000-93,999\93078.SLDASM
C:\Engineering\Production\90,000\93,000-93,999\93084.SLDASM
C:\Engineering\Production\90,000\93,000-93,999\93096.SLDASM
C:\Engineering\Production\90,000\93,000-93,999\93098.SLDASM
C:\Engineering\Production\90,000\93,000-93,999\93099.SLDASM
C:\Engineering\Production\90,000\93,000-93,999\93118.SLDASM
C:\Engineering\Production\90,000\93,000-93,999\93119.SLDASM
C:\Engineering\Production\90,000\93,000-93,999\93120.SLDASM
C:\Engineering\Production\90,000\93,000-93,999\93121.SLDASM
C:\Engineering\Production\90,000\93,000-93,999\93122.SLDASM
C:\Engineering\Production\90,000\93,000-93,999\93123.SLDASM
C:\Engineering\Production\90,000\93,000-93,999\93124.SLDASM
C:\Engineering\Production\90,000\93,000-93,999\93125.SLDASM
C:\Engineering\Production\90,000\93,000-93,999\93126.SLDASM
C:\Engineering\Production\90,000\93,000-93,999\93128.SLDASM
C:\Engineering\Production\90,000\93,000-93,999\93142.SLDASM
C:\Engineering\Production\90,000\93,000-93,999\93143.SLDASM
C:\Engineering\Production\90,000\93,000-93,999\93159.SLDASM
C:\Engineering\Production\90,000\93,000-93,999\93160.SLDASM
C:\Engineering\Production\90,000\93,000-93,999\93163.SLDASM
C:\Engineering\Production\90,000\93,000-93,999\93164.SLDASM
C:\Engineering\Production\90,000\93,000-93,999\93180.SLDASM
C:\Engineering\Production\90,000\93,000-93,999\93181.SLDASM
C:\Engineering\Production\90,000\93,000-93,999\93182.SLDASM
C:\Engineering\Production\90,000\93,000-93,999\93183.SLDASM
C:\Engineering\Production\90,000\93,000-93,999\93184.SLDASM
C:\Engineering\Production\90,000\93,000-93,999\93185.SLDASM
C:\Engineering\Production\90,000\93,000-93,999\93188.SLDASM
C:\Engineering\Production\90,000\93,000-93,999\93189.SLDASM
C:\Engineering\Production\90,000\93,000-93,999\93190.SLDASM
C:\Engineering\Production\90,000\93,000-93,999\93242.SLDASM
C:\Engineering\Production\90,000\93,000-93,999\93243.SLDASM
C:\Engineering\Production\90,000\93,000-93,999\93244.SLDASM
C:\Engineering\Production\90,000\93,000-93,999\93245.SLDASM
C:\Engineering\Production\90,000\93,000-93,999\93246.SLDASM
C:\Engineering\Production\90,000\93,000-93,999\93247.SLDASM
C:\Engineering\Production\90,000\93,000-93,999\93248.SLDASM
C:\Engineering\Production\90,000\93,000-93,999\93249.SLDASM
C:\Engineering\Production\90,000\93,000-93,999\93250.SLDASM
C:\Engineering\Production\90,000\93,000-93,999\93251.SLDASM
C:\Engineering\Production\90,000\93,000-93,999\93252.SLDASM
C:\Engineering\Production\90,000\93,000-93,999\93253.SLDASM
C:\Engineering\Production\90,000\93,000-93,999\93254.SLDASM
C:\Engineering\Production\90,000\93,000-93,999\93255.SLDASM
C:\Engineering\Production\90,000\93,000-93,999\93256.SLDASM
C:\Engineering\Production\90,000\93,000-93,999\93257.SLDASM
C:\Engineering\Production\90,000\93,000-93,999\93258.SLDASM
C:\Engineering\Production\90,000\93,000-93,999\93259.SLDASM
C:\Engineering\Production\90,000\93,000-93,999\93260.SLDASM
C:\Engineering\Production\90,000\93,000-93,999\93261.SLDASM
C:\Engineering\Production\90,000\93,000-93,999\93262.SLDASM
C:\Engineering\Production\90,000\93,000-93,999\93263.SLDASM
C:\Engineering\Production\90,000\93,000-93,999\93264.SLDASM
C:\Engineering\Production\90,000\93,000-93,999\93265.SLDASM
C:\Engineering\Production\90,000\93,000-93,999\93266.SLDASM
C:\Engineering\Production\90,000\93,000-93,999\93267.SLDASM
C:\Engineering\Production\90,000\93,000-93,999\93268.SLDASM
C:\Engineering\Production\90,000\93,000-93,999\93269.SLDASM
C:\Engineering\Production\90,000\93,000-93,999\93270.SLDASM
C:\Engineering\Production\90,000\93,000-93,999\93271.SLDASM
C:\Engineering\Production\90,000\93,000-93,999\93272.SLDASM
C:\Engineering\Production\90,000\93,000-93,999\93273.SLDASM
C:\Engineering\Production\90,000\93,000-93,999\93274.SLDASM
C:\Engineering\Production\90,000\93,000-93,999\93275.SLDASM
C:\Engineering\Production\90,000\93,000-93,999\93276.SLDASM
C:\Engineering\Production\90,000\93,000-93,999\93277.SLDASM
C:\Engineering\Production\90,000\93,000-93,999\93284.SLDASM
C:\Engineering\Production\90,000\93,000-93,999\93286.SLDASM
C:\Engineering\Production\90,000\93,000-93,999\93288.SLDASM
C:\Engineering\Production\90,000\93,000-93,999\93330.SLDASM
C:\Engineering\Production\90,000\93,000-93,999\93333.SLDASM
C:\Engineering\Production\90,000\93,000-93,999\93380.SLDASM
C:\Engineering\Production\90,000\93,000-93,999\93382.SLDASM
C:\Engineering\Production\90,000\93,000-93,999\93384.SLDASM
C:\Engineering\Production\90,000\93,000-93,999\93386-03.SLDASM
C:\Engineering\Production\90,000\93,000-93,999\93402.SLDASM
C:\Engineering\Production\90,000\93,000-93,999\93404.SLDASM
C:\Engineering\Production\90,000\93,000-93,999\93405.SLDASM
C:\Engineering\Production\90,000\93,000-93,999\93406.SLDASM
C:\Engineering\Production\90,000\93,000-93,999\93407.SLDASM
C:\Engineering\Production\90,000\93,000-93,999\93415.SLDASM
C:\Engineering\Production\90,000\93,000-93,999\93416.SLDASM
C:\Engineering\Production\90,000\93,000-93,999\93475.SLDASM
C:\Engineering\Production\90,000\93,000-93,999\93476.SLDASM
C:\Engineering\Production\90,000\93,000-93,999\93489.SLDASM
C:\Engineering\Production\90,000\93,000-93,999\93490.SLDASM
C:\Engineering\Production\90,000\93,000-93,999\93491.SLDASM
C:\Engineering\Production\90,000\93,000-93,999\93492.SLDASM
C:\Engineering\Production\90,000\93,000-93,999\93551.SLDASM
C:\Engineering\Production\90,000\93,000-93,999\93564.SLDASM
C:\Engineering\Production\90,000\93,000-93,999\93572.SLDASM
C:\Engineering\Production\90,000\93,000-93,999\93577.SLDASM
C:\Engineering\Production\90,000\93,000-93,999\93579.SLDASM
C:\Engineering\Production\90,000\93,000-93,999\93585.SLDASM
C:\Engineering\Production\90,000\93,000-93,999\93587.SLDASM
C:\Engineering\Production\90,000\93,000-93,999\93588.SLDASM
C:\Engineering\Production\90,000\93,000-93,999\93594.SLDASM
C:\Engineering\Production\90,000\93,000-93,999\93596.SLDASM
C:\Engineering\Production\90,000\93,000-93,999\93597.SLDASM
C:\Engineering\Production\90,000\93,000-93,999\93598.SLDASM
C:\Engineering\Production\90,000\93,000-93,999\93599.SLDASM
C:\Engineering\Production\90,000\93,000-93,999\93600.SLDASM
C:\Engineering\Production\90,000\93,000-93,999\93601.SLDASM
C:\Engineering\Production\90,000\93,000-93,999\93602.SLDASM
C:\Engineering\Production\90,000\93,000-93,999\93603.SLDASM
C:\Engineering\Production\90,000\93,000-93,999\93604.SLDASM
C:\Engineering\Production\90,000\93,000-93,999\93605.SLDASM
C:\Engineering\Production\90,000\93,000-93,999\93606.SLDASM
C:\Engineering\Production\90,000\93,000-93,999\93608.SLDASM
C:\Engineering\Production\90,000\93,000-93,999\93629.SLDASM
C:\Engineering\Production\90,000\93,000-93,999\93632.SLDASM
C:\Engineering\Production\90,000\93,000-93,999\93633.SLDASM
C:\Engineering\Production\90,000\93,000-93,999\93634.SLDASM
C:\Engineering\Production\90,000\93,000-93,999\93635.SLDASM
C:\Engineering\Production\90,000\93,000-93,999\93679.SLDASM
C:\Engineering\Production\90,000\93,000-93,999\93682.SLDASM
C:\Engineering\Production\90,000\93,000-93,999\93687.SLDASM
C:\Engineering\Production\90,000\93,000-93,999\93771.SLDASM
C:\Engineering\Production\90,000\93,000-93,999\93788.SLDASM
C:\Engineering\Production\90,000\93,000-93,999\93861.SLDASM
C:\Engineering\Production\90,000\93,000-93,999\93969.SLDASM
C:\Engineering\Production\90,000\93,000-93,999\93970.SLDASM
C:\Engineering\Production\90,000\93,000-93,999\93975.SLDASM
C:\Engineering\Production\90,000\93,000-93,999\93988.SLDASM
C:\Engineering\Production\90,000\93,000-93,999\93999.SLDASM
C:\Engineering\Production\90,000\94,000-94,999\94000.SLDASM
C:\Engineering\Production\90,000\94,000-94,999\94001.SLDASM
C:\Engineering\Production\90,000\94,000-94,999\94002.SLDASM
C:\Engineering\Production\90,000\94,000-94,999\94003.SLDASM
C:\Engineering\Production\90,000\94,000-94,999\94004.SLDASM
C:\Engineering\Production\90,000\94,000-94,999\94009.SLDASM
C:\Engineering\Production\90,000\94,000-94,999\94010.SLDASM
C:\Engineering\Production\90,000\94,000-94,999\94035.SLDASM
C:\Engineering\Production\90,000\94,000-94,999\94037.SLDASM
C:\Engineering\Production\90,000\94,000-94,999\94038.SLDASM
C:\Engineering\Production\90,000\94,000-94,999\94056.SLDASM
C:\Engineering\Production\90,000\94,000-94,999\94058.SLDASM
C:\Engineering\Production\90,000\94,000-94,999\94060.SLDASM
C:\Engineering\Production\90,000\94,000-94,999\94081.SLDASM
C:\Engineering\Production\90,000\94,000-94,999\94083.SLDASM
C:\Engineering\Production\90,000\94,000-94,999\94089.SLDASM
C:\Engineering\Production\90,000\94,000-94,999\94091.SLDASM
C:\Engineering\Production\90,000\94,000-94,999\94093.SLDASM
C:\Engineering\Production\90,000\94,000-94,999\94095.SLDASM
C:\Engineering\Production\90,000\94,000-94,999\94103.SLDASM
C:\Engineering\Production\90,000\94,000-94,999\94105.SLDASM
C:\Engineering\Production\90,000\94,000-94,999\94106.SLDASM
C:\Engineering\Production\90,000\94,000-94,999\94128.SLDASM
C:\Engineering\Production\90,000\94,000-94,999\94131.SLDASM
C:\Engineering\Production\90,000\94,000-94,999\94133.SLDASM
C:\Engineering\Production\90,000\94,000-94,999\94150.SLDASM
C:\Engineering\Production\90,000\94,000-94,999\94160.SLDASM
C:\Engineering\Production\90,000\94,000-94,999\94162.SLDASM
C:\Engineering\Production\90,000\94,000-94,999\94164.SLDASM
C:\Engineering\Production\90,000\94,000-94,999\94165.SLDASM
C:\Engineering\Production\90,000\94,000-94,999\94166.SLDASM
C:\Engineering\Production\90,000\94,000-94,999\94167.SLDASM
C:\Engineering\Production\90,000\94,000-94,999\94201.SLDASM
C:\Engineering\Production\90,000\94,000-94,999\94202.SLDASM
C:\Engineering\Production\90,000\94,000-94,999\94205.SLDASM
C:\Engineering\Production\90,000\94,000-94,999\94229.SLDASM
C:\Engineering\Production\90,000\94,000-94,999\94342.SLDASM
C:\Engineering\Production\90,000\94,000-94,999\94352.SLDASM
C:\Engineering\Production\90,000\94,000-94,999\94379.SLDASM
C:\Engineering\Production\90,000\94,000-94,999\94393.SLDASM
C:\Engineering\Production\90,000\94,000-94,999\94394.SLDASM
C:\Engineering\Production\90,000\94,000-94,999\94395.SLDASM
C:\Engineering\Production\90,000\94,000-94,999\94396.SLDASM
C:\Engineering\Production\90,000\94,000-94,999\94400.SLDASM
C:\Engineering\Production\90,000\94,000-94,999\94401.SLDASM
C:\Engineering\Production\90,000\94,000-94,999\94441.SLDASM
C:\Engineering\Production\90,000\94,000-94,999\94442.SLDASM
C:\Engineering\Production\90,000\94,000-94,999\94444.SLDASM
C:\Engineering\Production\90,000\94,000-94,999\94445.SLDASM
C:\Engineering\Production\90,000\94,000-94,999\94446.SLDASM
C:\Engineering\Production\90,000\94,000-94,999\94448.SLDASM
C:\Engineering\Production\90,000\94,000-94,999\94449.SLDASM
C:\Engineering\Production\90,000\94,000-94,999\94451.SLDASM
C:\Engineering\Production\90,000\94,000-94,999\94452.SLDASM
C:\Engineering\Production\90,000\94,000-94,999\94453.SLDASM
C:\Engineering\Production\90,000\94,000-94,999\94454.SLDASM
C:\Engineering\Production\90,000\94,000-94,999\94455.SLDASM
C:\Engineering\Production\90,000\94,000-94,999\94457.SLDASM
C:\Engineering\Production\90,000\94,000-94,999\94458.SLDASM
C:\Engineering\Production\90,000\94,000-94,999\94459.SLDASM
C:\Engineering\Production\90,000\94,000-94,999\94464.SLDASM
C:\Engineering\Production\90,000\94,000-94,999\94465.SLDASM
C:\Engineering\Production\90,000\94,000-94,999\94466.SLDASM
C:\Engineering\Production\90,000\94,000-94,999\94467.SLDASM
C:\Engineering\Production\90,000\94,000-94,999\94468.SLDASM
C:\Engineering\Production\90,000\94,000-94,999\94469.SLDASM
C:\Engineering\Production\90,000\94,000-94,999\94470.SLDASM
C:\Engineering\Production\90,000\94,000-94,999\94471.SLDASM
C:\Engineering\Production\90,000\94,000-94,999\94472.SLDASM
C:\Engineering\Production\90,000\94,000-94,999\94473.SLDASM
C:\Engineering\Production\90,000\94,000-94,999\94474.SLDASM
C:\Engineering\Production\90,000\94,000-94,999\94475.SLDASM
C:\Engineering\Production\90,000\94,000-94,999\94476.SLDASM
C:\Engineering\Production\90,000\94,000-94,999\94477.SLDASM
C:\Engineering\Production\90,000\94,000-94,999\94496.SLDASM
C:\Engineering\Production\90,000\94,000-94,999\94497.SLDASM
C:\Engineering\Production\90,000\94,000-94,999\94498.SLDASM
C:\Engineering\Production\90,000\94,000-94,999\94499.SLDASM
C:\Engineering\Production\90,000\94,000-94,999\94500.SLDASM
C:\Engineering\Production\90,000\94,000-94,999\94501.SLDASM
C:\Engineering\Production\90,000\94,000-94,999\94502.SLDASM
C:\Engineering\Production\90,000\94,000-94,999\94503.SLDASM
C:\Engineering\Production\90,000\94,000-94,999\94508.SLDASM
C:\Engineering\Production\90,000\94,000-94,999\94592.SLDASM
C:\Engineering\Production\90,000\94,000-94,999\94593.SLDASM
C:\Engineering\Production\90,000\94,000-94,999\94594.SLDASM
C:\Engineering\Production\90,000\94,000-94,999\94595.SLDASM
C:\Engineering\Production\90,000\94,000-94,999\94596.SLDASM
C:\Engineering\Production\90,000\94,000-94,999\94597.SLDASM
C:\Engineering\Production\90,000\94,000-94,999\94655.SLDASM
C:\Engineering\Production\90,000\94,000-94,999\94689.SLDASM
C:\Engineering\Production\90,000\94,000-94,999\94691.SLDASM
C:\Engineering\Production\90,000\94,000-94,999\94693.SLDASM
C:\Engineering\Production\90,000\94,000-94,999\94694.SLDASM
C:\Engineering\Production\90,000\94,000-94,999\94702.SLDASM
C:\Engineering\Production\90,000\94,000-94,999\94750.SLDASM
C:\Engineering\Production\90,000\94,000-94,999\94757.SLDASM
C:\Engineering\Production\90,000\94,000-94,999\94761.SLDASM
C:\Engineering\Production\90,000\94,000-94,999\94766.SLDASM
C:\Engineering\Production\90,000\94,000-94,999\94779.SLDASM
C:\Engineering\Production\90,000\94,000-94,999\94780.SLDASM
C:\Engineering\Production\90,000\94,000-94,999\94781.SLDASM
C:\Engineering\Production\90,000\94,000-94,999\94782.SLDASM
C:\Engineering\Production\90,000\94,000-94,999\94784.SLDASM
C:\Engineering\Production\90,000\94,000-94,999\94785.SLDASM
C:\Engineering\Production\90,000\94,000-94,999\94789.SLDASM
C:\Engineering\Production\90,000\94,000-94,999\94823.SLDASM
C:\Engineering\Production\90,000\94,000-94,999\94845.SLDASM
C:\Engineering\Production\90,000\94,000-94,999\94872.SLDASM
C:\Engineering\Production\90,000\94,000-94,999\94873.SLDASM
C:\Engineering\Production\90,000\94,000-94,999\94874.SLDASM
C:\Engineering\Production\90,000\94,000-94,999\94875.SLDASM
C:\Engineering\Production\90,000\94,000-94,999\94924.SLDASM
C:\Engineering\Production\90,000\94,000-94,999\94926.SLDASM
C:\Engineering\Production\90,000\94,000-94,999\94928.SLDASM
C:\Engineering\Production\90,000\94,000-94,999\94970.SLDASM
C:\Engineering\Production\90,000\94,000-94,999\94971.SLDASM
C:\Engineering\Production\90,000\94,000-94,999\94985.SLDASM
C:\Engineering\Production\90,000\94,000-94,999\94996.SLDASM
C:\Engineering\Production\90,000\94,000-94,999\94997.SLDASM
C:\Engineering\Production\90,000\95,000-95,999\95020.SLDASM
C:\Engineering\Production\90,000\95,000-95,999\95046.SLDASM
C:\Engineering\Production\90,000\95,000-95,999\95050.SLDASM
C:\Engineering\Production\90,000\95,000-95,999\95096.SLDASM
C:\Engineering\Production\90,000\95,000-95,999\95099.SLDASM
C:\Engineering\Production\90,000\95,000-95,999\95101.SLDASM
C:\Engineering\Production\90,000\95,000-95,999\95103.SLDASM
C:\Engineering\Production\90,000\95,000-95,999\95114.SLDASM
C:\Engineering\Production\90,000\95,000-95,999\95115.SLDASM
C:\Engineering\Production\90,000\95,000-95,999\95116.SLDASM
C:\Engineering\Production\90,000\95,000-95,999\95145.SLDASM
C:\Engineering\Production\90,000\95,000-95,999\95150.SLDASM
C:\Engineering\Production\90,000\95,000-95,999\95153.SLDASM
C:\Engineering\Production\90,000\95,000-95,999\95192.SLDASM
C:\Engineering\Production\90,000\95,000-95,999\95228.SLDASM
C:\Engineering\Production\90,000\95,000-95,999\95230.SLDASM
C:\Engineering\Production\90,000\95,000-95,999\95243.SLDASM
C:\Engineering\Production\90,000\95,000-95,999\95244.SLDASM
C:\Engineering\Production\90,000\95,000-95,999\95245.SLDASM
C:\Engineering\Production\90,000\95,000-95,999\95269.SLDASM
C:\Engineering\Production\90,000\95,000-95,999\95270.SLDASM
C:\Engineering\Production\90,000\95,000-95,999\95280.SLDASM
C:\Engineering\Production\90,000\95,000-95,999\95290-02.SLDASM
C:\Engineering\Production\90,000\95,000-95,999\95314.SLDASM
C:\Engineering\Production\90,000\95,000-95,999\95341.SLDASM
C:\Engineering\Production\90,000\95,000-95,999\95360.SLDASM
C:\Engineering\Production\90,000\95,000-95,999\95384.SLDASM
C:\Engineering\Production\90,000\95,000-95,999\95389.SLDASM
C:\Engineering\Production\90,000\95,000-95,999\95394.SLDASM
C:\Engineering\Production\90,000\95,000-95,999\95396.SLDASM
C:\Engineering\Production\90,000\95,000-95,999\95397.SLDASM
C:\Engineering\Production\90,000\95,000-95,999\95398.SLDASM
C:\Engineering\Production\90,000\95,000-95,999\95399.SLDASM
C:\Engineering\Production\90,000\95,000-95,999\95400.SLDASM
C:\Engineering\Production\90,000\95,000-95,999\95401.SLDASM
C:\Engineering\Production\90,000\95,000-95,999\95460.SLDASM
C:\Engineering\Production\90,000\95,000-95,999\95464.SLDASM
C:\Engineering\Production\90,000\95,000-95,999\95471.SLDASM
C:\Engineering\Production\90,000\95,000-95,999\95482.SLDASM
C:\Engineering\Production\90,000\95,000-95,999\95485.SLDASM
C:\Engineering\Production\90,000\95,000-95,999\95505.SLDASM
C:\Engineering\Production\90,000\95,000-95,999\95506.SLDASM
C:\Engineering\Production\90,000\95,000-95,999\95507.SLDASM
C:\Engineering\Production\90,000\95,000-95,999\95508.SLDASM
C:\Engineering\Production\90,000\95,000-95,999\95509.SLDASM
C:\Engineering\Production\90,000\95,000-95,999\95510.SLDASM
C:\Engineering\Production\90,000\95,000-95,999\95511.SLDASM
C:\Engineering\Production\90,000\95,000-95,999\95518.SLDASM
C:\Engineering\Production\90,000\95,000-95,999\95519.SLDASM
C:\Engineering\Production\90,000\95,000-95,999\95520.SLDASM
C:\Engineering\Production\90,000\95,000-95,999\95521.SLDASM
C:\Engineering\Production\90,000\95,000-95,999\95522.SLDASM
C:\Engineering\Production\90,000\95,000-95,999\95528.SLDASM
C:\Engineering\Production\90,000\95,000-95,999\95529.SLDASM
C:\Engineering\Production\90,000\95,000-95,999\95530.SLDASM
C:\Engineering\Production\90,000\95,000-95,999\95531.SLDASM
C:\Engineering\Production\90,000\95,000-95,999\95532.SLDASM
C:\Engineering\Production\90,000\95,000-95,999\95533.SLDASM
C:\Engineering\Production\90,000\95,000-95,999\95534.SLDASM
C:\Engineering\Production\90,000\95,000-95,999\95535.SLDASM
C:\Engineering\Production\90,000\95,000-95,999\95536.SLDASM
C:\Engineering\Production\90,000\95,000-95,999\95537.SLDASM
C:\Engineering\Production\90,000\95,000-95,999\95538.SLDASM
C:\Engineering\Production\90,000\95,000-95,999\95539.SLDASM
C:\Engineering\Production\90,000\95,000-95,999\95540.SLDASM
C:\Engineering\Production\90,000\95,000-95,999\95541.SLDASM
C:\Engineering\Production\90,000\95,000-95,999\95542.SLDASM
C:\Engineering\Production\90,000\95,000-95,999\95543.SLDASM
C:\Engineering\Production\90,000\95,000-95,999\95544.SLDASM
C:\Engineering\Production\90,000\95,000-95,999\95545.SLDASM
C:\Engineering\Production\90,000\95,000-95,999\95546.SLDASM
C:\Engineering\Production\90,000\95,000-95,999\95547.SLDASM
C:\Engineering\Production\90,000\95,000-95,999\95548.SLDASM
C:\Engineering\Production\90,000\95,000-95,999\95549.SLDASM
C:\Engineering\Production\90,000\95,000-95,999\95550.SLDASM
C:\Engineering\Production\90,000\95,000-95,999\95551.SLDASM
C:\Engineering\Production\90,000\95,000-95,999\95552.SLDASM
C:\Engineering\Production\90,000\95,000-95,999\95553.SLDASM
C:\Engineering\Production\90,000\95,000-95,999\95554.SLDASM
C:\Engineering\Production\90,000\95,000-95,999\95555.SLDASM
C:\Engineering\Production\90,000\95,000-95,999\95556.SLDASM
C:\Engineering\Production\90,000\95,000-95,999\95557.SLDASM
C:\Engineering\Production\90,000\95,000-95,999\95609.SLDASM
C:\Engineering\Production\90,000\95,000-95,999\95651.SLDASM
C:\Engineering\Production\90,000\95,000-95,999\95654.SLDASM
C:\Engineering\Production\90,000\95,000-95,999\95655.SLDASM
C:\Engineering\Production\90,000\95,000-95,999\95656.SLDASM
C:\Engineering\Production\90,000\95,000-95,999\95657.SLDASM
C:\Engineering\Production\90,000\95,000-95,999\95658.SLDASM
C:\Engineering\Production\90,000\95,000-95,999\95659.SLDASM
C:\Engineering\Production\90,000\95,000-95,999\95820.SLDASM
C:\Engineering\Production\90,000\95,000-95,999\95833.SLDASM
C:\Engineering\Production\90,000\95,000-95,999\95834.SLDASM
C:\Engineering\Production\90,000\95,000-95,999\95851-11.SLDASM
C:\Engineering\Production\90,000\95,000-95,999\95878-02.sldasm
C:\Engineering\Production\90,000\95,000-95,999\95912.SLDASM
C:\Engineering\Production\90,000\95,000-95,999\95913.SLDASM
C:\Engineering\Production\90,000\95,000-95,999\95915.SLDASM
C:\Engineering\Production\90,000\95,000-95,999\95923.SLDASM
C:\Engineering\Production\90,000\95,000-95,999\95948-02.SLDASM
C:\Engineering\Production\90,000\95,000-95,999\95980.SLDASM
C:\Engineering\Production\90,000\95,000-95,999\95981.SLDASM
C:\Engineering\Production\90,000\95,000-95,999\95983.SLDASM
C:\Engineering\Production\90,000\96,000-96,999\96003.SLDASM
C:\Engineering\Production\90,000\96,000-96,999\96016.SLDASM
C:\Engineering\Production\90,000\96,000-96,999\96024.SLDASM
C:\Engineering\Production\90,000\96,000-96,999\96025.SLDASM
C:\Engineering\Production\90,000\96,000-96,999\96026.SLDASM
C:\Engineering\Production\90,000\96,000-96,999\96027.SLDASM
C:\Engineering\Production\90,000\96,000-96,999\96192.SLDASM
C:\Engineering\Production\90,000\96,000-96,999\96193.SLDASM
C:\Engineering\Production\90,000\96,000-96,999\96194.SLDASM
C:\Engineering\Production\90,000\96,000-96,999\96195.SLDASM
C:\Engineering\Production\90,000\96,000-96,999\96196.SLDASM
C:\Engineering\Production\90,000\96,000-96,999\96197.SLDASM
C:\Engineering\Production\90,000\96,000-96,999\96198.SLDASM
C:\Engineering\Production\90,000\96,000-96,999\96199.SLDASM
C:\Engineering\Production\90,000\96,000-96,999\96200.SLDASM
C:\Engineering\Production\90,000\96,000-96,999\96201.SLDASM
C:\Engineering\Production\90,000\96,000-96,999\96205.SLDASM
C:\Engineering\Production\90,000\96,000-96,999\96210.SLDASM
C:\Engineering\Production\90,000\96,000-96,999\96221.SLDASM
C:\Engineering\Production\90,000\96,000-96,999\96225.SLDASM
C:\Engineering\Production\90,000\96,000-96,999\96243.SLDASM
C:\Engineering\Production\90,000\96,000-96,999\96246.SLDASM
C:\Engineering\Production\90,000\96,000-96,999\96251.SLDASM
C:\Engineering\Production\90,000\96,000-96,999\96252.SLDASM
C:\Engineering\Production\90,000\96,000-96,999\96254.SLDASM
C:\Engineering\Production\90,000\96,000-96,999\96260.SLDASM
C:\Engineering\Production\90,000\96,000-96,999\96327.SLDASM
C:\Engineering\Production\90,000\96,000-96,999\96329.SLDASM
C:\Engineering\Production\90,000\96,000-96,999\96331.SLDASM
C:\Engineering\Production\90,000\96,000-96,999\96335.SLDASM
C:\Engineering\Production\90,000\96,000-96,999\96337.SLDASM
C:\Engineering\Production\90,000\96,000-96,999\96339.SLDASM
C:\Engineering\Production\90,000\96,000-96,999\96395.SLDASM
C:\Engineering\Production\90,000\96,000-96,999\96396.SLDASM
C:\Engineering\Production\90,000\96,000-96,999\96397.SLDASM
C:\Engineering\Production\90,000\96,000-96,999\96398.SLDASM
C:\Engineering\Production\90,000\96,000-96,999\96399.SLDASM
C:\Engineering\Production\90,000\96,000-96,999\96400.SLDASM
C:\Engineering\Production\90,000\96,000-96,999\96401.SLDASM
C:\Engineering\Production\90,000\96,000-96,999\96405.SLDASM
C:\Engineering\Production\90,000\96,000-96,999\96416.SLDASM
C:\Engineering\Production\90,000\96,000-96,999\96418.SLDASM
C:\Engineering\Production\90,000\96,000-96,999\96436.SLDASM
C:\Engineering\Production\90,000\96,000-96,999\96437-19.SLDASM
C:\Engineering\Production\90,000\96,000-96,999\96446-05.SLDASM
C:\Engineering\Production\90,000\96,000-96,999\96516.SLDASM
C:\Engineering\Production\90,000\96,000-96,999\96525.SLDASM
C:\Engineering\Production\90,000\96,000-96,999\96540.SLDASM
C:\Engineering\Production\90,000\96,000-96,999\96568.SLDASM
C:\Engineering\Production\90,000\96,000-96,999\96573.SLDASM
C:\Engineering\Production\90,000\96,000-96,999\96585.SLDASM
C:\Engineering\Production\90,000\96,000-96,999\96617.SLDASM
C:\Engineering\Production\90,000\96,000-96,999\96619.SLDASM
C:\Engineering\Production\90,000\96,000-96,999\96621.SLDASM
C:\Engineering\Production\90,000\96,000-96,999\96622.SLDASM
C:\Engineering\Production\90,000\96,000-96,999\96623.SLDASM
C:\Engineering\Production\90,000\96,000-96,999\96659.SLDASM
C:\Engineering\Production\90,000\96,000-96,999\96660.SLDASM
C:\Engineering\Production\90,000\96,000-96,999\96670.SLDASM
C:\Engineering\Production\90,000\96,000-96,999\96671.SLDASM
C:\Engineering\Production\90,000\96,000-96,999\96672.SLDASM
C:\Engineering\Production\90,000\96,000-96,999\96673.SLDASM
C:\Engineering\Production\90,000\96,000-96,999\96689.SLDASM
C:\Engineering\Production\90,000\96,000-96,999\96690.SLDASM
C:\Engineering\Production\90,000\96,000-96,999\96691.SLDASM
C:\Engineering\Production\90,000\96,000-96,999\96692.SLDASM
C:\Engineering\Production\90,000\96,000-96,999\96693.SLDASM
C:\Engineering\Production\90,000\96,000-96,999\96694.SLDASM
C:\Engineering\Production\90,000\96,000-96,999\96697.SLDASM
C:\Engineering\Production\90,000\96,000-96,999\96698.SLDASM
C:\Engineering\Production\90,000\96,000-96,999\96699.SLDASM
C:\Engineering\Production\90,000\96,000-96,999\96700.SLDASM
C:\Engineering\Production\90,000\96,000-96,999\96701.SLDASM
C:\Engineering\Production\90,000\96,000-96,999\96702.SLDASM
C:\Engineering\Production\90,000\96,000-96,999\96710.SLDASM
C:\Engineering\Production\90,000\96,000-96,999\96760.SLDASM
C:\Engineering\Production\90,000\96,000-96,999\96761.SLDASM
C:\Engineering\Production\90,000\96,000-96,999\96762.SLDASM
C:\Engineering\Production\90,000\96,000-96,999\96763.SLDASM
C:\Engineering\Production\90,000\96,000-96,999\96764.SLDASM
C:\Engineering\Production\90,000\96,000-96,999\96765.SLDASM
C:\Engineering\Production\90,000\96,000-96,999\96769.SLDASM
C:\Engineering\Production\90,000\96,000-96,999\96770.SLDASM
C:\Engineering\Production\90,000\96,000-96,999\96771.SLDASM
C:\Engineering\Production\90,000\96,000-96,999\96772.SLDASM
C:\Engineering\Production\90,000\96,000-96,999\96773.SLDASM
C:\Engineering\Production\90,000\96,000-96,999\96774.SLDASM
C:\Engineering\Production\90,000\96,000-96,999\96776.SLDASM
C:\Engineering\Production\90,000\96,000-96,999\96778.SLDASM
C:\Engineering\Production\90,000\96,000-96,999\96779.SLDASM
C:\Engineering\Production\90,000\96,000-96,999\96780.SLDASM
C:\Engineering\Production\90,000\96,000-96,999\96781.SLDASM
C:\Engineering\Production\90,000\96,000-96,999\96783.SLDASM
C:\Engineering\Production\90,000\96,000-96,999\96789-02.SLDASM
C:\Engineering\Production\90,000\96,000-96,999\96791-02.SLDASM
C:\Engineering\Production\90,000\96,000-96,999\96823-02.sldasm
C:\Engineering\Production\90,000\96,000-96,999\96885.SLDASM
C:\Engineering\Production\90,000\96,000-96,999\96886.SLDASM
C:\Engineering\Production\90,000\96,000-96,999\96888.SLDASM
C:\Engineering\Production\90,000\96,000-96,999\96889.SLDASM
C:\Engineering\Production\90,000\96,000-96,999\96891.SLDASM
C:\Engineering\Production\90,000\96,000-96,999\96892.SLDASM
C:\Engineering\Production\90,000\96,000-96,999\96907.SLDASM
C:\Engineering\Production\90,000\96,000-96,999\96909.SLDASM
C:\Engineering\Production\90,000\96,000-96,999\96910.SLDASM
C:\Engineering\Production\90,000\96,000-96,999\96911.SLDASM
C:\Engineering\Production\90,000\96,000-96,999\96912.SLDASM
C:\Engineering\Production\90,000\96,000-96,999\96976-01.SLDASM
C:\Engineering\Production\90,000\96,000-96,999\96994.SLDASM
C:\Engineering\Production\90,000\97,000-97,999\97024.SLDASM
C:\Engineering\Production\90,000\97,000-97,999\97041.SLDASM
C:\Engineering\Production\90,000\97,000-97,999\97049.SLDASM
C:\Engineering\Production\90,000\97,000-97,999\97061-02.SLDASM
C:\Engineering\Production\90,000\97,000-97,999\97107.SLDASM
C:\Engineering\Production\90,000\97,000-97,999\97108.SLDASM
C:\Engineering\Production\90,000\97,000-97,999\97111.SLDASM
C:\Engineering\Production\90,000\97,000-97,999\97121.SLDASM
C:\Engineering\Production\90,000\97,000-97,999\97122.SLDASM
C:\Engineering\Production\90,000\97,000-97,999\97165.SLDASM
C:\Engineering\Production\90,000\97,000-97,999\97293.SLDASM
C:\Engineering\Production\90,000\97,000-97,999\97300.SLDASM
C:\Engineering\Production\90,000\97,000-97,999\97304.SLDASM
C:\Engineering\Production\90,000\97,000-97,999\97324.SLDASM
C:\Engineering\Production\90,000\97,000-97,999\97376.SLDASM
C:\Engineering\Production\90,000\97,000-97,999\97377.SLDASM
C:\Engineering\Production\90,000\97,000-97,999\97414.SLDASM
C:\Engineering\Production\90,000\97,000-97,999\97415.SLDASM
C:\Engineering\Production\90,000\97,000-97,999\97416.SLDASM
C:\Engineering\Production\90,000\97,000-97,999\97455.SLDASM
C:\Engineering\Production\90,000\97,000-97,999\97473.SLDASM
C:\Engineering\Production\90,000\98,000-98,999\98000.SLDASM
C:\Engineering\Production\90,000\98,000-98,999\98001.SLDASM
C:\Engineering\Production\90,000\98,000-98,999\98024.sldasm
C:\Engineering\Production\90,000\98,000-98,999\98025.sldasm
C:\Engineering\Production\90,000\98,000-98,999\98051.SLDASM
C:\Engineering\Production\90,000\98,000-98,999\98054.SLDASM
C:\Engineering\Production\90,000\98,000-98,999\98058.SLDASM
C:\Engineering\Production\90,000\98,000-98,999\98079-01.SLDASM
C:\Engineering\Production\90,000\98,000-98,999\98104-01.SLDASM
C:\Engineering\Production\90,000\98,000-98,999\98106.sldasm
C:\Engineering\Production\90,000\98,000-98,999\98164.SLDASM
C:\Engineering\Production\90,000\98,000-98,999\98166.SLDASM
C:\Engineering\Production\90,000\98,000-98,999\98167.SLDASM
C:\Engineering\Production\90,000\98,000-98,999\98184.SLDASM
C:\Engineering\Production\90,000\98,000-98,999\98186.SLDASM
C:\Engineering\Production\90,000\98,000-98,999\98187.SLDASM
C:\Engineering\Production\10,000\10,000-10,999\10013-01.SLDASM
C:\Engineering\Production\100,000\100,000-100,999\100003.SLDASM
C:\Engineering\Production\100,000\100,000-100,999\100004.SLDASM
C:\Engineering\Production\100,000\100,000-100,999\100005.SLDASM
C:\Engineering\Production\100,000\100,000-100,999\100006.SLDASM
C:\Engineering\Production\100,000\100,000-100,999\100104.SLDASM
C:\Engineering\Production\100,000\100,000-100,999\100105.SLDASM
C:\Engineering\Production\100,000\100,000-100,999\100106.SLDASM
C:\Engineering\Production\100,000\100,000-100,999\100107.SLDASM
C:\Engineering\Production\100,000\100,000-100,999\101001.SLDASM
C:\Engineering\Production\20,000\20,000-20,999\20018.SLDASM
C:\Engineering\Production\20,000\20,000-20,999\20019.SLDASM
C:\Engineering\Production\20,000\20,000-20,999\20029.SLDASM
C:\Engineering\Production\20,000\20,000-20,999\20033.SLDASM
C:\Engineering\Production\20,000\20,000-20,999\20034.SLDASM
C:\Engineering\Production\20,000\20,000-20,999\20035.SLDASM
C:\Engineering\Production\20,000\20,000-20,999\20037.SLDASM
C:\Engineering\Production\20,000\20,000-20,999\20038.SLDASM
C:\Engineering\Production\20,000\20,000-20,999\20039.SLDASM
C:\Engineering\Production\20,000\20,000-20,999\20040.SLDASM
C:\Engineering\Production\20,000\20,000-20,999\20044.SLDASM
C:\Engineering\Production\20,000\20,000-20,999\20465.SLDASM
C:\Engineering\Production\20,000\20,000-20,999\20466.SLDASM
C:\Engineering\Production\20,000\20,000-20,999\20467.SLDASM
C:\Engineering\Production\20,000\20,000-20,999\20468.sldasm
C:\Engineering\Production\20,000\20,000-20,999\20469.SLDASM
C:\Engineering\Production\20,000\20,000-20,999\20472.sldasm
C:\Engineering\Production\20,000\20,000-20,999\20473.sldasm
C:\Engineering\Production\20,000\20,000-20,999\20481.sldasm
C:\Engineering\Production\20,000\20,000-20,999\20485.SLDASM
C:\Engineering\Production\20,000\20,000-20,999\20490.SLDASM
C:\Engineering\Production\20,000\20,000-20,999\20491.SLDASM
C:\Engineering\Production\20,000\20,000-20,999\RD-07838.SLDASM
C:\Engineering\Production\30,000\30,000-30,999\30013.SLDASM
C:\Engineering\Production\30,000\30,000-30,999\30016.SLDASM
C:\Engineering\Production\30,000\30,000-30,999\300227_AL.SLDASM
C:\Engineering\Production\30,000\30,000-30,999\30058.SLDASM
C:\Engineering\Production\30,000\30,000-30,999\30068-01.SLDASM
C:\Engineering\Production\30,000\30,000-30,999\30073.SLDASM
C:\Engineering\Production\30,000\30,000-30,999\30074.SLDASM
C:\Engineering\Production\30,000\30,000-30,999\30075.SLDASM
C:\Engineering\Production\30,000\30,000-30,999\30086.SLDASM
C:\Engineering\Production\30,000\30,000-30,999\30097.SLDASM
C:\Engineering\Production\30,000\30,000-30,999\30103.SLDASM
C:\Engineering\Production\30,000\30,000-30,999\30108.SLDASM
C:\Engineering\Production\30,000\30,000-30,999\30114.SLDASM
C:\Engineering\Production\30,000\30,000-30,999\30118.SLDASM
C:\Engineering\Production\30,000\30,000-30,999\30129.SLDASM
C:\Engineering\Production\30,000\30,000-30,999\30157.SLDASM
C:\Engineering\Production\30,000\30,000-30,999\30164.SLDASM
C:\Engineering\Production\30,000\30,000-30,999\30166.SLDASM
C:\Engineering\Production\30,000\30,000-30,999\30188.SLDASM
C:\Engineering\Production\30,000\30,000-30,999\30218.SLDASM
C:\Engineering\Production\40,000\40,000-40,999\40000.SLDASM
C:\Engineering\Production\40,000\40,000-40,999\40001.SLDASM
C:\Engineering\Production\40,000\40,000-40,999\40002.SLDASM
C:\Engineering\Production\40,000\40,000-40,999\40003.SLDASM
C:\Engineering\Production\40,000\40,000-40,999\40004.SLDASM
C:\Engineering\Production\40,000\40,000-40,999\40005.SLDASM
C:\Engineering\Production\40,000\40,000-40,999\40006.SLDASM
C:\Engineering\Production\40,000\40,000-40,999\40007.SLDASM
C:\Engineering\Production\40,000\40,000-40,999\40008.SLDASM
C:\Engineering\Production\40,000\40,000-40,999\40009.SLDASM
C:\Engineering\Production\40,000\40,000-40,999\40010.SLDASM
C:\Engineering\Production\40,000\40,000-40,999\40010-01.SLDASM
C:\Engineering\Production\40,000\40,000-40,999\40010-02.SLDASM
C:\Engineering\Production\40,000\40,000-40,999\40011.SLDASM
C:\Engineering\Production\40,000\40,000-40,999\40012.SLDASM
C:\Engineering\Production\40,000\40,000-40,999\40013.SLDASM
C:\Engineering\Production\40,000\40,000-40,999\40014.SLDASM
C:\Engineering\Production\40,000\40,000-40,999\40015.SLDASM
C:\Engineering\Production\40,000\40,000-40,999\40016.SLDASM
C:\Engineering\Production\40,000\40,000-40,999\40017.SLDASM
C:\Engineering\Production\40,000\40,000-40,999\40018.SLDASM
C:\Engineering\Production\40,000\40,000-40,999\40019.SLDASM
C:\Engineering\Production\40,000\40,000-40,999\40019-01.SLDASM
C:\Engineering\Production\40,000\40,000-40,999\40019-02.SLDASM
C:\Engineering\Production\40,000\40,000-40,999\40019-03.SLDASM
C:\Engineering\Production\40,000\40,000-40,999\40020.SLDASM
C:\Engineering\Production\40,000\40,000-40,999\40022.SLDASM
C:\Engineering\Production\40,000\40,000-40,999\40023.SLDASM
C:\Engineering\Production\40,000\40,000-40,999\40024.SLDASM
C:\Engineering\Production\40,000\40,000-40,999\40025.SLDASM
C:\Engineering\Production\40,000\40,000-40,999\40026.SLDASM
C:\Engineering\Production\40,000\40,000-40,999\40029.SLDASM
C:\Engineering\Production\40,000\40,000-40,999\40031.SLDASM
C:\Engineering\Production\40,000\40,000-40,999\40032.SLDASM
C:\Engineering\Production\40,000\40,000-40,999\40033.SLDASM
C:\Engineering\Production\40,000\40,000-40,999\40034.SLDASM
C:\Engineering\Production\40,000\40,000-40,999\40035.SLDASM
C:\Engineering\Production\40,000\40,000-40,999\40037.SLDASM
C:\Engineering\Production\40,000\40,000-40,999\40038.SLDASM
C:\Engineering\Production\40,000\40,000-40,999\40039.SLDASM
C:\Engineering\Production\40,000\40,000-40,999\40040.SLDASM
C:\Engineering\Production\40,000\40,000-40,999\40042.SLDASM
C:\Engineering\Production\40,000\40,000-40,999\40048.SLDASM
C:\Engineering\Production\40,000\40,000-40,999\40049.SLDASM
C:\Engineering\Production\40,000\40,000-40,999\40050.SLDASM
C:\Engineering\Production\40,000\40,000-40,999\40051.SLDASM
C:\Engineering\Production\40,000\40,000-40,999\40061.SLDASM
C:\Engineering\Production\40,000\40,000-40,999\40070.SLDASM
C:\Engineering\Production\40,000\40,000-40,999\40077.SLDASM
C:\Engineering\Production\40,000\40,000-40,999\40082.SLDASM
C:\Engineering\Production\40,000\40,000-40,999\40083.sldasm
C:\Engineering\Production\40,000\40,000-40,999\40084.sldasm
C:\Engineering\Production\40,000\40,000-40,999\40085.sldasm
C:\Engineering\Production\40,000\40,000-40,999\40086.SLDASM
C:\Engineering\Production\40,000\40,000-40,999\40087.SLDASM
C:\Engineering\Production\40,000\40,000-40,999\40088.SLDASM
C:\Engineering\Production\40,000\40,000-40,999\40091.SLDASM
C:\Engineering\Production\40,000\40,000-40,999\40092.SLDASM
C:\Engineering\Production\40,000\40,000-40,999\40093.SLDASM
C:\Engineering\Production\40,000\40,000-40,999\40094.SLDASM
C:\Engineering\Production\40,000\40,000-40,999\40095.SLDASM
C:\Engineering\Production\40,000\40,000-40,999\40096.SLDASM
C:\Engineering\Production\40,000\40,000-40,999\40097.SLDASM
C:\Engineering\Production\40,000\40,000-40,999\40100.SLDASM
C:\Engineering\Production\40,000\40,000-40,999\RD-06807.sldasm
C:\Engineering\Production\40,000\41,000-41,999\41023.SLDASM
C:\Engineering\Production\40,000\41,000-41,999\41085.SLDASM
C:\Engineering\Production\40,000\41,000-41,999\41088.SLDASM
C:\Engineering\Production\40,000\43,000-43,999\43021.SLDASM
C:\Engineering\Production\40,000\43,000-43,999\43022.SLDASM
C:\Engineering\Production\40,000\43,000-43,999\43024.SLDASM
C:\Engineering\Production\40,000\43,000-43,999\43025.SLDASM
C:\Engineering\Production\40,000\43,000-43,999\43029.SLDASM
C:\Engineering\Production\40,000\43,000-43,999\43278.SLDASM
C:\Engineering\Production\40,000\43,000-43,999\43281.SLDASM
C:\Engineering\Production\40,000\43,000-43,999\43340.SLDASM
C:\Engineering\Production\40,000\43,000-43,999\43399.SLDASM
C:\Engineering\Production\40,000\43,000-43,999\43412.SLDASM
C:\Engineering\Production\40,000\43,000-43,999\43459.SLDASM
C:\Engineering\Production\40,000\43,000-43,999\43697.sldasm
C:\Engineering\Production\40,000\43,000-43,999\43698.SLDASM
C:\Engineering\Production\40,000\43,000-43,999\43757.SLDASM
C:\Engineering\Production\40,000\43,000-43,999\43795.SLDASM
C:\Engineering\Production\40,000\43,000-43,999\RD-06814.sldasm
C:\Engineering\Production\50,000\50,000-50,999\50000.SLDASM
C:\Engineering\Production\50,000\50,000-50,999\50000-13.SLDASM
C:\Engineering\Production\50,000\50,000-50,999\50000-18.SLDASM
C:\Engineering\Production\50,000\50,000-50,999\50001.SLDASM
C:\Engineering\Production\50,000\50,000-50,999\50001-09.SLDASM
C:\Engineering\Production\50,000\50,000-50,999\50003.SLDASM
C:\Engineering\Production\50,000\50,000-50,999\50004.SLDASM
C:\Engineering\Production\50,000\50,000-50,999\50005-06.SLDASM
C:\Engineering\Production\50,000\50,000-50,999\50005-08.SLDASM
C:\Engineering\Production\50,000\50,000-50,999\50006.SLDASM
C:\Engineering\Production\50,000\50,000-50,999\50007.SLDASM
C:\Engineering\Production\50,000\50,000-50,999\50014.SLDASM
C:\Engineering\Production\50,000\50,000-50,999\50028.SLDASM
C:\Engineering\Production\50,000\50,000-50,999\50052.SLDASM
C:\Engineering\Production\50,000\50,000-50,999\50052-07.SLDASM
C:\Engineering\Production\50,000\50,000-50,999\50052-08.SLDASM
C:\Engineering\Production\50,000\50,000-50,999\50062.SLDASM
C:\Engineering\Production\50,000\50,000-50,999\50066-05.SLDASM
C:\Engineering\Production\50,000\51,000-51,999\51004.SLDASM
C:\Engineering\Production\50,000\51,000-51,999\51019.SLDASM
C:\Engineering\Production\50,000\51,000-51,999\51020.SLDASM
C:\Engineering\Production\50,000\51,000-51,999\51021.SLDASM
C:\Engineering\Production\50,000\51,000-51,999\51022.SLDASM
C:\Engineering\Production\50,000\51,000-51,999\51023.SLDASM
C:\Engineering\Production\50,000\51,000-51,999\51024.SLDASM
C:\Engineering\Production\50,000\51,000-51,999\51062.SLDASM
C:\Engineering\Production\60,000\60,000-60,999\60000.SLDASM
C:\Engineering\Production\60,000\60,000-60,999\60001.SLDASM
C:\Engineering\Production\60,000\60,000-60,999\60002.SLDASM
C:\Engineering\Production\60,000\60,000-60,999\60003.SLDASM
C:\Engineering\Production\60,000\60,000-60,999\60008.SLDASM
C:\Engineering\Production\60,000\60,000-60,999\60010.SLDASM
C:\Engineering\Production\60,000\60,000-60,999\60015.SLDASM
C:\Engineering\Production\60,000\60,000-60,999\60016.SLDASM
C:\Engineering\Production\60,000\60,000-60,999\60020.SLDASM
C:\Engineering\Production\60,000\60,000-60,999\60021.SLDASM
C:\Engineering\Production\60,000\60,000-60,999\60022.SLDASM
C:\Engineering\Production\60,000\60,000-60,999\60023.SLDASM
C:\Engineering\Production\60,000\60,000-60,999\60024.SLDASM
C:\Engineering\Production\60,000\60,000-60,999\60025.SLDASM
C:\Engineering\Production\60,000\61,000-61,999\61000.SLDASM
C:\Engineering\Production\70,000\70,000-70,999\70001.SLDASM
C:\Engineering\Production\70,000\70,000-70,999\70042.SLDASM
C:\Engineering\Production\70,000\70,000-70,999\70062.SLDASM
C:\Engineering\Production\70,000\70,000-70,999\70070.SLDASM
C:\Engineering\Production\70,000\70,000-70,999\70085.SLDASM
C:\Engineering\Production\70,000\70,000-70,999\70089-BEARING KIT.SLDASM
C:\Engineering\Production\70,000\70,000-70,999\70096.SLDASM
C:\Engineering\Production\70,000\70,000-70,999\70104.SLDASM
C:\Engineering\Production\70,000\71,000-71,999\71016.Sldasm
C:\Engineering\Production\70,000\71,000-71,999\71083.SLDASM
C:\Engineering\Production\70,000\71,000-71,999\71084.SLDASM
C:\Engineering\Production\70,000\71,000-71,999\71130-01.SLDASM
C:\Engineering\Production\70,000\71,000-71,999\71138.SLDASM
C:\Engineering\Production\70,000\71,000-71,999\71159.SLDASM
C:\Engineering\Production\70,000\71,000-71,999\71172-01.SLDASM
C:\Engineering\Production\70,000\71,000-71,999\71232.SLDASM
C:\Engineering\Production\70,000\71,000-71,999\71245.SLDASM
C:\Engineering\Production\70,000\71,000-71,999\71245-01.SLDASM
C:\Engineering\Production\70,000\71,000-71,999\71298.SLDASM
C:\Engineering\Production\70,000\71,000-71,999\71342.SLDASM
C:\Engineering\Production\70,000\71,000-71,999\71377.SLDASM
C:\Engineering\Production\70,000\71,000-71,999\71380.SLDASM
C:\Engineering\Production\70,000\71,000-71,999\71388.SLDASM
C:\Engineering\Production\70,000\71,000-71,999\71450.SLDASM
C:\Engineering\Production\70,000\71,000-71,999\71458.SLDASM
C:\Engineering\Production\80,000\80,000-80,999\80200-01.SLDASM
C:\Engineering\Production\80,000\80,000-80,999\80201-01.SLDASM
C:\Engineering\Production\80,000\80,000-80,999\80757.SLDASM
C:\Engineering\Production\90,000\90,000-90,999\90405.SLDASM
C:\Engineering\Production\90,000\90,000-90,999\90693.SLDASM
C:\Engineering\Production\90,000\90,000-90,999\90701.SLDASM
C:\Engineering\Production\90,000\90,000-90,999\90702.SLDASM
C:\Engineering\Production\90,000\90,000-90,999\90823.SLDASM
C:\Engineering\Production\90,000\90,000-90,999\98070.SLDASM
C:\Engineering\Production\90,000\90,000-90,999\98071.SLDASM
C:\Engineering\Production\90,000\91,000-91,999\91565.SLDASM
C:\Engineering\Production\90,000\91,000-91,999\91579-03.SLDASM
C:\Engineering\Production\90,000\91,000-91,999\91590-02.SLDASM
C:\Engineering\Production\90,000\91,000-91,999\91601.SLDASM
C:\Engineering\Production\90,000\91,000-91,999\91696.SLDASM
C:\Engineering\Production\90,000\91,000-91,999\91747-03.SLDASM
C:\Engineering\Production\90,000\91,000-91,999\91750-02.SLDASM
C:\Engineering\Production\90,000\91,000-91,999\91751-02.SLDASM
C:\Engineering\Production\90,000\91,000-91,999\91813.SLDASM
C:\Engineering\Production\90,000\91,000-91,999\91819.SLDASM
C:\Engineering\Production\90,000\91,000-91,999\91960.SLDASM
C:\Engineering\Production\90,000\91,000-91,999\91978.SLDASM
C:\Engineering\Production\90,000\92,000-92,999\009317-OUTLINE.SLDASM
C:\Engineering\Production\90,000\92,000-92,999\92000.SLDASM
C:\Engineering\Production\90,000\92,000-92,999\92002.SLDASM
C:\Engineering\Production\90,000\92,000-92,999\92006.SLDASM
C:\Engineering\Production\90,000\92,000-92,999\92007.SLDASM
C:\Engineering\Production\90,000\92,000-92,999\92123.SLDASM
C:\Engineering\Production\90,000\92,000-92,999\92134.SLDASM
C:\Engineering\Production\90,000\92,000-92,999\92136.SLDASM
C:\Engineering\Production\90,000\92,000-92,999\92142.SLDASM
C:\Engineering\Production\90,000\92,000-92,999\92143.SLDASM
C:\Engineering\Production\90,000\92,000-92,999\92147.SLDASM
C:\Engineering\Production\90,000\92,000-92,999\92150.SLDASM
C:\Engineering\Production\90,000\92,000-92,999\92151.SLDASM
C:\Engineering\Production\90,000\92,000-92,999\92154.SLDASM
C:\Engineering\Production\90,000\92,000-92,999\92155.SLDASM
C:\Engineering\Production\90,000\92,000-92,999\92157.SLDASM
C:\Engineering\Production\90,000\92,000-92,999\92177.SLDASM
C:\Engineering\Production\90,000\92,000-92,999\92178.SLDASM
C:\Engineering\Production\90,000\92,000-92,999\92180.SLDASM
C:\Engineering\Production\90,000\92,000-92,999\92229.SLDASM
C:\Engineering\Production\90,000\92,000-92,999\92230.SLDASM
C:\Engineering\Production\90,000\92,000-92,999\92233.SLDASM
C:\Engineering\Production\90,000\92,000-92,999\92234.SLDASM
C:\Engineering\Production\90,000\92,000-92,999\92235.SLDASM
C:\Engineering\Production\90,000\92,000-92,999\92237.SLDASM
C:\Engineering\Production\90,000\92,000-92,999\92241.SLDASM
C:\Engineering\Production\90,000\92,000-92,999\92242.SLDASM
C:\Engineering\Production\90,000\92,000-92,999\92243.SLDASM
C:\Engineering\Production\90,000\92,000-92,999\92245.SLDASM
C:\Engineering\Production\90,000\92,000-92,999\92246.SLDASM
C:\Engineering\Production\90,000\92,000-92,999\92248.SLDASM
C:\Engineering\Production\90,000\92,000-92,999\92250.SLDASM
C:\Engineering\Production\90,000\92,000-92,999\92253.SLDASM
C:\Engineering\Production\90,000\92,000-92,999\92254.SLDASM
C:\Engineering\Production\90,000\92,000-92,999\92259-01 REV.00.sldasm
C:\Engineering\Production\90,000\92,000-92,999\92283.SLDASM
C:\Engineering\Production\90,000\92,000-92,999\92286.SLDASM
C:\Engineering\Production\90,000\92,000-92,999\92287.SLDASM
C:\Engineering\Production\90,000\92,000-92,999\92288.SLDASM
C:\Engineering\Production\90,000\92,000-92,999\92289.SLDASM
C:\Engineering\Production\90,000\92,000-92,999\92291.SLDASM
C:\Engineering\Production\90,000\92,000-92,999\92292.SLDASM
C:\Engineering\Production\90,000\92,000-92,999\92300.SLDASM
C:\Engineering\Production\90,000\92,000-92,999\92301.SLDASM
C:\Engineering\Production\90,000\92,000-92,999\92302.SLDASM
C:\Engineering\Production\90,000\92,000-92,999\92303.sldasm
C:\Engineering\Production\90,000\92,000-92,999\92304.sldasm
C:\Engineering\Production\90,000\92,000-92,999\92305.sldasm
C:\Engineering\Production\90,000\92,000-92,999\92306.SLDASM
C:\Engineering\Production\90,000\92,000-92,999\92306-08.SLDASM
C:\Engineering\Production\90,000\92,000-92,999\92307.SLDASM
C:\Engineering\Production\90,000\92,000-92,999\92309.sldasm
C:\Engineering\Production\90,000\92,000-92,999\92310.sldasm
C:\Engineering\Production\90,000\92,000-92,999\92312.SLDASM
C:\Engineering\Production\90,000\92,000-92,999\92312-12.SLDASM
C:\Engineering\Production\90,000\92,000-92,999\92312-13.SLDASM
C:\Engineering\Production\90,000\92,000-92,999\92313.SLDASM
C:\Engineering\Production\90,000\92,000-92,999\92313-10.SLDASM
C:\Engineering\Production\90,000\92,000-92,999\92315.sldasm
C:\Engineering\Production\90,000\92,000-92,999\92315-09.SLDASM
C:\Engineering\Production\90,000\92,000-92,999\92316.sldasm
C:\Engineering\Production\90,000\92,000-92,999\92316-12.SLDASM
C:\Engineering\Production\90,000\92,000-92,999\92318.SLDASM
C:\Engineering\Production\90,000\92,000-92,999\92328.SLDASM
C:\Engineering\Production\90,000\92,000-92,999\92330.SLDASM
C:\Engineering\Production\90,000\92,000-92,999\92331.SLDASM
C:\Engineering\Production\90,000\92,000-92,999\92334.SLDASM
C:\Engineering\Production\90,000\92,000-92,999\92339.SLDASM
C:\Engineering\Production\90,000\92,000-92,999\92362.SLDASM
C:\Engineering\Production\90,000\92,000-92,999\92363.SLDASM
C:\Engineering\Production\90,000\92,000-92,999\92368.SLDASM
C:\Engineering\Production\90,000\92,000-92,999\92370.SLDASM
C:\Engineering\Production\90,000\92,000-92,999\92372-19.SLDASM
C:\Engineering\Production\90,000\92,000-92,999\92372-21.SLDASM
C:\Engineering\Production\90,000\92,000-92,999\92380.SLDASM
C:\Engineering\Production\90,000\92,000-92,999\92381.SLDASM
C:\Engineering\Production\90,000\92,000-92,999\92382.SLDASM
C:\Engineering\Production\90,000\92,000-92,999\92400.SLDASM
C:\Engineering\Production\90,000\92,000-92,999\92401.SLDASM
C:\Engineering\Production\90,000\92,000-92,999\92402.SLDASM
C:\Engineering\Production\90,000\92,000-92,999\92403.SLDASM
C:\Engineering\Production\90,000\92,000-92,999\92404.SLDASM
C:\Engineering\Production\90,000\92,000-92,999\92405.SLDASM
C:\Engineering\Production\90,000\92,000-92,999\92406.SLDASM
C:\Engineering\Production\90,000\92,000-92,999\92407.SLDASM
C:\Engineering\Production\90,000\92,000-92,999\92408.SLDASM
C:\Engineering\Production\90,000\92,000-92,999\ATMP 983-11.sldasm
C:\Engineering\Production\90,000\92,000-92,999\FF 350.sldasm
C:\Engineering\Production\90,000\92,000-92,999\FF350.sldasm
C:\Engineering\Production\90,000\92,000-92,999\FF400.sldasm
C:\Engineering\Production\90,000\92,000-92,999\MG MOTOR 120KW.sldasm
C:\Engineering\Production\90,000\93,000-93,999\93060.SLDASM
C:\Engineering\Production\90,000\93,000-93,999\93079-01.SLDASM
C:\Engineering\Production\90,000\93,000-93,999\93097.SLDASM
C:\Engineering\Production\90,000\93,000-93,999\93141.SLDASM
C:\Engineering\Production\90,000\93,000-93,999\93162.SLDASM
C:\Engineering\Production\90,000\93,000-93,999\93172.SLDASM
C:\Engineering\Production\90,000\93,000-93,999\93176.SLDASM
C:\Engineering\Production\90,000\93,000-93,999\93278-03.SLDASM
C:\Engineering\Production\90,000\93,000-93,999\93281.sldasm
C:\Engineering\Production\90,000\93,000-93,999\93282.sldasm
C:\Engineering\Production\90,000\93,000-93,999\93359.SLDASM
C:\Engineering\Production\90,000\93,000-93,999\93387-03.SLDASM
C:\Engineering\Production\90,000\93,000-93,999\93403.SLDASM
C:\Engineering\Production\90,000\93,000-93,999\93471.SLDASM
C:\Engineering\Production\90,000\93,000-93,999\93474.SLDASM
C:\Engineering\Production\90,000\93,000-93,999\93502.SLDASM
C:\Engineering\Production\90,000\93,000-93,999\93505.SLDASM
C:\Engineering\Production\90,000\93,000-93,999\93538.SLDASM
C:\Engineering\Production\90,000\93,000-93,999\93544.SLDASM
C:\Engineering\Production\90,000\93,000-93,999\93550.SLDASM
C:\Engineering\Production\90,000\93,000-93,999\93563.SLDASM
C:\Engineering\Production\90,000\93,000-93,999\93642.SLDASM
C:\Engineering\Production\90,000\93,000-93,999\93683.SLDASM
C:\Engineering\Production\90,000\93,000-93,999\93714.SLDASM
C:\Engineering\Production\90,000\93,000-93,999\93715.SLDASM
C:\Engineering\Production\90,000\93,000-93,999\93725.SLDASM
C:\Engineering\Production\90,000\93,000-93,999\93761.SLDASM
C:\Engineering\Production\90,000\93,000-93,999\93763.SLDASM
C:\Engineering\Production\90,000\93,000-93,999\93776.SLDASM
C:\Engineering\Production\90,000\93,000-93,999\93787.SLDASM
C:\Engineering\Production\90,000\93,000-93,999\93790.SLDASM
C:\Engineering\Production\90,000\93,000-93,999\93837.SLDASM
C:\Engineering\Production\90,000\93,000-93,999\93844.SLDASM
C:\Engineering\Production\90,000\93,000-93,999\93845.SLDASM
C:\Engineering\Production\90,000\93,000-93,999\93847.SLDASM
C:\Engineering\Production\90,000\93,000-93,999\93870.SLDASM
C:\Engineering\Production\90,000\93,000-93,999\93962.SLDASM
C:\Engineering\Production\90,000\93,000-93,999\93963.SLDASM
C:\Engineering\Production\90,000\93,000-93,999\93964.SLDASM
C:\Engineering\Production\90,000\93,000-93,999\93965.SLDASM
C:\Engineering\Production\90,000\93,000-93,999\93966.SLDASM
C:\Engineering\Production\90,000\93,000-93,999\93967.SLDASM
C:\Engineering\Production\90,000\93,000-93,999\93968.SLDASM
C:\Engineering\Production\90,000\93,000-93,999\93971.SLDASM
C:\Engineering\Production\90,000\93,000-93,999\93972.SLDASM
C:\Engineering\Production\90,000\93,000-93,999\93973.SLDASM
C:\Engineering\Production\90,000\93,000-93,999\93974.SLDASM
C:\Engineering\Production\90,000\94,000-94,999\94011.SLDASM
C:\Engineering\Production\90,000\94,000-94,999\94012.SLDASM
C:\Engineering\Production\90,000\94,000-94,999\94013.SLDASM
C:\Engineering\Production\90,000\94,000-94,999\94032.SLDASM
C:\Engineering\Production\90,000\94,000-94,999\94033.SLDASM
C:\Engineering\Production\90,000\94,000-94,999\94159.SLDASM
C:\Engineering\Production\90,000\94,000-94,999\94226.SLDASM
C:\Engineering\Production\90,000\94,000-94,999\94228.SLDASM
C:\Engineering\Production\90,000\94,000-94,999\94378.SLDASM
C:\Engineering\Production\90,000\94,000-94,999\94387.SLDASM
C:\Engineering\Production\90,000\94,000-94,999\94425.SLDASM
C:\Engineering\Production\90,000\94,000-94,999\94479.SLDASM
C:\Engineering\Production\90,000\94,000-94,999\94607.SLDASM
C:\Engineering\Production\90,000\94,000-94,999\94608.SLDASM
C:\Engineering\Production\90,000\94,000-94,999\94614.SLDASM
C:\Engineering\Production\90,000\94,000-94,999\94633.SLDASM
C:\Engineering\Production\90,000\94,000-94,999\94652.SLDASM
C:\Engineering\Production\90,000\94,000-94,999\94656.SLDASM
C:\Engineering\Production\90,000\94,000-94,999\94658.SLDASM
C:\Engineering\Production\90,000\94,000-94,999\94664.SLDASM
C:\Engineering\Production\90,000\94,000-94,999\94665.SLDASM
C:\Engineering\Production\90,000\94,000-94,999\94666.SLDASM
C:\Engineering\Production\90,000\94,000-94,999\94690.SLDASM
C:\Engineering\Production\90,000\94,000-94,999\94692.SLDASM
C:\Engineering\Production\90,000\94,000-94,999\94695.SLDASM
C:\Engineering\Production\90,000\94,000-94,999\94705.SLDASM
C:\Engineering\Production\90,000\94,000-94,999\94708.SLDASM
C:\Engineering\Production\90,000\94,000-94,999\94746.SLDASM
C:\Engineering\Production\90,000\94,000-94,999\94755.SLDASM
C:\Engineering\Production\90,000\94,000-94,999\94792.SLDASM
C:\Engineering\Production\90,000\94,000-94,999\94871.SLDASM
C:\Engineering\Production\90,000\94,000-94,999\94883.SLDASM
C:\Engineering\Production\90,000\94,000-94,999\94938.SLDASM
C:\Engineering\Production\90,000\94,000-94,999\94945.SLDASM
C:\Engineering\Production\90,000\94,000-94,999\94974.SLDASM
C:\Engineering\Production\90,000\95,000-95,999\95113.SLDASM
C:\Engineering\Production\90,000\95,000-95,999\95122.SLDASM
C:\Engineering\Production\90,000\95,000-95,999\95123.SLDASM
C:\Engineering\Production\90,000\95,000-95,999\95132.SLDASM
C:\Engineering\Production\90,000\95,000-95,999\95170.SLDASM
C:\Engineering\Production\90,000\95,000-95,999\95174.SLDASM
C:\Engineering\Production\90,000\95,000-95,999\95175.SLDASM
C:\Engineering\Production\90,000\95,000-95,999\95179.SLDASM
C:\Engineering\Production\90,000\95,000-95,999\95196.SLDASM
C:\Engineering\Production\90,000\95,000-95,999\95197.SLDASM
C:\Engineering\Production\90,000\95,000-95,999\95198.SLDASM
C:\Engineering\Production\90,000\95,000-95,999\95199.SLDASM
C:\Engineering\Production\90,000\95,000-95,999\95200.SLDASM
C:\Engineering\Production\90,000\95,000-95,999\95201.SLDASM
C:\Engineering\Production\90,000\95,000-95,999\95211.SLDASM
C:\Engineering\Production\90,000\95,000-95,999\95267.SLDASM
C:\Engineering\Production\90,000\95,000-95,999\95275.SLDASM
C:\Engineering\Production\90,000\95,000-95,999\95283.SLDASM
C:\Engineering\Production\90,000\95,000-95,999\95284.SLDASM
C:\Engineering\Production\90,000\95,000-95,999\95285.SLDASM
C:\Engineering\Production\90,000\95,000-95,999\95289.SLDASM
C:\Engineering\Production\90,000\95,000-95,999\95291-03.SLDASM
C:\Engineering\Production\90,000\95,000-95,999\95301.SLDASM
C:\Engineering\Production\90,000\95,000-95,999\95302.SLDASM
C:\Engineering\Production\90,000\95,000-95,999\95319.SLDASM
C:\Engineering\Production\90,000\95,000-95,999\95347.SLDASM
C:\Engineering\Production\90,000\95,000-95,999\95348.SLDASM
C:\Engineering\Production\90,000\95,000-95,999\95358.SLDASM
C:\Engineering\Production\90,000\95,000-95,999\95365.SLDASM
C:\Engineering\Production\90,000\95,000-95,999\95388.SLDASM
C:\Engineering\Production\90,000\95,000-95,999\95425-01.SLDASM
C:\Engineering\Production\90,000\95,000-95,999\95425-02.SLDASM
C:\Engineering\Production\90,000\95,000-95,999\95513.SLDASM
C:\Engineering\Production\90,000\95,000-95,999\95607.SLDASM
C:\Engineering\Production\90,000\95,000-95,999\95608.SLDASM
C:\Engineering\Production\90,000\95,000-95,999\95615.SLDASM
C:\Engineering\Production\90,000\95,000-95,999\95635.SLDASM
C:\Engineering\Production\90,000\95,000-95,999\95640.SLDASM
C:\Engineering\Production\90,000\95,000-95,999\95653.SLDASM
C:\Engineering\Production\90,000\95,000-95,999\95808.SLDASM
C:\Engineering\Production\90,000\95,000-95,999\95810.SLDASM
C:\Engineering\Production\90,000\95,000-95,999\95811.SLDASM
C:\Engineering\Production\90,000\95,000-95,999\95814.SLDASM
C:\Engineering\Production\90,000\95,000-95,999\95815.SLDASM
C:\Engineering\Production\90,000\95,000-95,999\95819.SLDASM
C:\Engineering\Production\90,000\95,000-95,999\95821.SLDASM
C:\Engineering\Production\90,000\95,000-95,999\95823.SLDASM
C:\Engineering\Production\90,000\95,000-95,999\95888.SLDASM
C:\Engineering\Production\90,000\95,000-95,999\95892.SLDASM
C:\Engineering\Production\90,000\95,000-95,999\95893.SLDASM
C:\Engineering\Production\90,000\95,000-95,999\95916.SLDASM
C:\Engineering\Production\90,000\95,000-95,999\95941.SLDASM
C:\Engineering\Production\90,000\95,000-95,999\95949-03.SLDASM
C:\Engineering\Production\90,000\95,000-95,999\95950.SLDASM
C:\Engineering\Production\90,000\95,000-95,999\95964.SLDASM
C:\Engineering\Production\90,000\95,000-95,999\95985.SLDASM
C:\Engineering\Production\90,000\95,000-95,999\95994.SLDASM
C:\Engineering\Production\90,000\95,000-95,999\95995.SLDASM
C:\Engineering\Production\90,000\96,000-96,999\96032.SLDASM
C:\Engineering\Production\90,000\96,000-96,999\96076.SLDASM
C:\Engineering\Production\90,000\96,000-96,999\96080.SLDASM
C:\Engineering\Production\90,000\96,000-96,999\96082.SLDASM
C:\Engineering\Production\90,000\96,000-96,999\96084.SLDASM
C:\Engineering\Production\90,000\96,000-96,999\96086.SLDASM
C:\Engineering\Production\90,000\96,000-96,999\96088.SLDASM
C:\Engineering\Production\90,000\96,000-96,999\96091-03.SLDASM
C:\Engineering\Production\90,000\96,000-96,999\96096.SLDASM
C:\Engineering\Production\90,000\96,000-96,999\96135.SLDASM
C:\Engineering\Production\90,000\96,000-96,999\96151.SLDASM
C:\Engineering\Production\90,000\96,000-96,999\96154.SLDASM
C:\Engineering\Production\90,000\96,000-96,999\96157.SLDASM
C:\Engineering\Production\90,000\96,000-96,999\96159.SLDASM
C:\Engineering\Production\90,000\96,000-96,999\96161.SLDASM
C:\Engineering\Production\90,000\96,000-96,999\96163.SLDASM
C:\Engineering\Production\90,000\96,000-96,999\96164.SLDASM
C:\Engineering\Production\90,000\96,000-96,999\96165.SLDASM
C:\Engineering\Production\90,000\96,000-96,999\96236.SLDASM
C:\Engineering\Production\90,000\96,000-96,999\96265.SLDASM
C:\Engineering\Production\90,000\96,000-96,999\96300.SLDASM
C:\Engineering\Production\90,000\96,000-96,999\96322.SLDASM
C:\Engineering\Production\90,000\96,000-96,999\96324.SLDASM
C:\Engineering\Production\90,000\96,000-96,999\96326.SLDASM
C:\Engineering\Production\90,000\96,000-96,999\96328.SLDASM
C:\Engineering\Production\90,000\96,000-96,999\96330.SLDASM
C:\Engineering\Production\90,000\96,000-96,999\96334.SLDASM
C:\Engineering\Production\90,000\96,000-96,999\96336.SLDASM
C:\Engineering\Production\90,000\96,000-96,999\96338.SLDASM
C:\Engineering\Production\90,000\96,000-96,999\96340.SLDASM
C:\Engineering\Production\90,000\96,000-96,999\96346.SLDASM
C:\Engineering\Production\90,000\96,000-96,999\96371.SLDASM
C:\Engineering\Production\90,000\96,000-96,999\96437-09.SLDASM
C:\Engineering\Production\90,000\96,000-96,999\96437-12.SLDASM
C:\Engineering\Production\90,000\96,000-96,999\96444-15.SLDASM
C:\Engineering\Production\90,000\96,000-96,999\96446-12.SLDASM
C:\Engineering\Production\90,000\96,000-96,999\96455.SLDASM
C:\Engineering\Production\90,000\96,000-96,999\96506.SLDASM
C:\Engineering\Production\90,000\96,000-96,999\96533.SLDASM
C:\Engineering\Production\90,000\96,000-96,999\96560.SLDASM
C:\Engineering\Production\90,000\96,000-96,999\96576.SLDASM
C:\Engineering\Production\90,000\96,000-96,999\96601.SLDASM
C:\Engineering\Production\90,000\96,000-96,999\96602.SLDASM
C:\Engineering\Production\90,000\96,000-96,999\96618.SLDASM
C:\Engineering\Production\90,000\96,000-96,999\96620.SLDASM
C:\Engineering\Production\90,000\96,000-96,999\96624.SLDASM
C:\Engineering\Production\90,000\96,000-96,999\96641.SLDASM
C:\Engineering\Production\90,000\96,000-96,999\96642.SLDASM
C:\Engineering\Production\90,000\96,000-96,999\96643.SLDASM
C:\Engineering\Production\90,000\96,000-96,999\96645.SLDASM
C:\Engineering\Production\90,000\96,000-96,999\96649-01.SLDASM
C:\Engineering\Production\90,000\96,000-96,999\96651-01.SLDASM
C:\Engineering\Production\90,000\96,000-96,999\96685.SLDASM
C:\Engineering\Production\90,000\96,000-96,999\96704.SLDASM
C:\Engineering\Production\90,000\96,000-96,999\96736.SLDASM
C:\Engineering\Production\90,000\96,000-96,999\96742.SLDASM
C:\Engineering\Production\90,000\96,000-96,999\96790-02.SLDASM
C:\Engineering\Production\90,000\96,000-96,999\96816-02.SLDASM
C:\Engineering\Production\90,000\96,000-96,999\96822.SLDASM
C:\Engineering\Production\90,000\96,000-96,999\96830.SLDASM
C:\Engineering\Production\90,000\96,000-96,999\96834.SLDASM
C:\Engineering\Production\90,000\96,000-96,999\96843.SLDASM
C:\Engineering\Production\90,000\96,000-96,999\96853.SLDASM
C:\Engineering\Production\90,000\96,000-96,999\96854.SLDASM
C:\Engineering\Production\90,000\96,000-96,999\96863.SLDASM
C:\Engineering\Production\90,000\96,000-96,999\96878.SLDASM
C:\Engineering\Production\90,000\96,000-96,999\96887.SLDASM
C:\Engineering\Production\90,000\96,000-96,999\96890.SLDASM
C:\Engineering\Production\90,000\96,000-96,999\96893.SLDASM
C:\Engineering\Production\90,000\96,000-96,999\96944.SLDASM
C:\Engineering\Production\90,000\97,000-97,999\97001.SLDASM
C:\Engineering\Production\90,000\97,000-97,999\97053.SLDASM
C:\Engineering\Production\90,000\97,000-97,999\97064.SLDASM
C:\Engineering\Production\90,000\97,000-97,999\97065.SLDASM
C:\Engineering\Production\90,000\97,000-97,999\97066.SLDASM
C:\Engineering\Production\90,000\97,000-97,999\97067.SLDASM
C:\Engineering\Production\90,000\97,000-97,999\97069.SLDASM
C:\Engineering\Production\90,000\97,000-97,999\97071.SLDASM
C:\Engineering\Production\90,000\97,000-97,999\97072.SLDASM
C:\Engineering\Production\90,000\97,000-97,999\97073.SLDASM
C:\Engineering\Production\90,000\97,000-97,999\97074.SLDASM
C:\Engineering\Production\90,000\97,000-97,999\97075.SLDASM
C:\Engineering\Production\90,000\97,000-97,999\97083.SLDASM
C:\Engineering\Production\90,000\97,000-97,999\97094.SLDASM
C:\Engineering\Production\90,000\97,000-97,999\97095.SLDASM
C:\Engineering\Production\90,000\97,000-97,999\97096.SLDASM
C:\Engineering\Production\90,000\97,000-97,999\97097.SLDASM
C:\Engineering\Production\90,000\97,000-97,999\97143.SLDASM
C:\Engineering\Production\90,000\97,000-97,999\97144.SLDASM
C:\Engineering\Production\90,000\97,000-97,999\97145.SLDASM
C:\Engineering\Production\90,000\97,000-97,999\97146.SLDASM
C:\Engineering\Production\90,000\97,000-97,999\97149.SLDASM
C:\Engineering\Production\90,000\97,000-97,999\97150.SLDASM
C:\Engineering\Production\90,000\97,000-97,999\97151.SLDASM
C:\Engineering\Production\90,000\97,000-97,999\97152.SLDASM
C:\Engineering\Production\90,000\97,000-97,999\97154.SLDASM
C:\Engineering\Production\90,000\97,000-97,999\97169.SLDASM
C:\Engineering\Production\90,000\97,000-97,999\97201.SLDASM
C:\Engineering\Production\90,000\97,000-97,999\97202.SLDASM
C:\Engineering\Production\90,000\97,000-97,999\97203.SLDASM
C:\Engineering\Production\90,000\97,000-97,999\97208.SLDASM
C:\Engineering\Production\90,000\97,000-97,999\97292.SLDASM
C:\Engineering\Production\90,000\97,000-97,999\97318.SLDASM
C:\Engineering\Production\90,000\97,000-97,999\97325.SLDASM
C:\Engineering\Production\90,000\97,000-97,999\97332-01.SLDASM
C:\Engineering\Production\90,000\97,000-97,999\97334-01.SLDASM
C:\Engineering\Production\90,000\97,000-97,999\97336-01.SLDASM
C:\Engineering\Production\90,000\97,000-97,999\97337-01.SLDASM
C:\Engineering\Production\90,000\97,000-97,999\97337-02.SLDASM
C:\Engineering\Production\90,000\97,000-97,999\97356.SLDASM
C:\Engineering\Production\90,000\97,000-97,999\97357.SLDASM
C:\Engineering\Production\90,000\97,000-97,999\97434.SLDASM
C:\Engineering\Production\90,000\97,000-97,999\97437.SLDASM
C:\Engineering\Production\90,000\97,000-97,999\97438.SLDASM
C:\Engineering\Production\90,000\97,000-97,999\97439.SLDASM
C:\Engineering\Production\90,000\97,000-97,999\97440.SLDASM
C:\Engineering\Production\90,000\97,000-97,999\97459.SLDASM
C:\Engineering\Production\90,000\97,000-97,999\97577.SLDASM
C:\Engineering\Production\90,000\97,000-97,999\97591.SLDASM
C:\Engineering\Production\90,000\97,000-97,999\97732-01.SLDASM
C:\Engineering\Production\90,000\97,000-97,999\97777.SLDASM
C:\Engineering\Production\90,000\97,000-97,999\97778.SLDASM
C:\Engineering\Production\90,000\97,000-97,999\97783.SLDASM
C:\Engineering\Production\90,000\97,000-97,999\97801.SLDASM
C:\Engineering\Production\90,000\97,000-97,999\aq235b.SLDASM
C:\Engineering\Production\90,000\98,000-98,999\46832-375-96822.STEP.SLDASM
C:\Engineering\Production\90,000\98,000-98,999\98010.SLDASM
C:\Engineering\Production\90,000\98,000-98,999\98011.SLDASM
C:\Engineering\Production\90,000\98,000-98,999\98012.SLDASM
C:\Engineering\Production\90,000\98,000-98,999\98013.SLDASM
C:\Engineering\Production\90,000\98,000-98,999\98026.SLDASM
C:\Engineering\Production\90,000\98,000-98,999\98080-02.SLDASM
C:\Engineering\Production\90,000\98,000-98,999\98086-01.SLDASM
C:\Engineering\Production\90,000\98,000-98,999\98088.SLDASM
C:\Engineering\Production\90,000\98,000-98,999\98093-01.SLDASM
C:\Engineering\Production\90,000\98,000-98,999\98094-01.SLDASM
C:\Engineering\Production\90,000\98,000-98,999\98095-01.SLDASM
C:\Engineering\Production\90,000\98,000-98,999\98096-01.SLDASM
C:\Engineering\Production\90,000\98,000-98,999\98097-01.SLDASM
C:\Engineering\Production\90,000\98,000-98,999\98098-01.SLDASM
C:\Engineering\Production\90,000\98,000-98,999\98099-01.SLDASM
C:\Engineering\Production\90,000\98,000-98,999\98100-01.SLDASM
C:\Engineering\Production\90,000\98,000-98,999\98101-01.SLDASM
C:\Engineering\Production\90,000\98,000-98,999\98102-01.SLDASM
C:\Engineering\Production\90,000\98,000-98,999\98103-01.SLDASM
C:\Engineering\Production\90,000\98,000-98,999\98151.SLDASM
C:\Engineering\Production\90,000\98,000-98,999\98169.SLDASM
C:\Engineering\Production\90,000\98,000-98,999\98171.SLDASM
C:\Engineering\Production\90,000\98,000-98,999\98172.SLDASM
C:\Engineering\Production\90,000\98,000-98,999\98177.SLDASM
C:\Engineering\Production\90,000\98,000-98,999\98182.SLDASM